Date,Close
2010-01-04 00:00:00+08:00,21823.279296875
2010-01-05 00:00:00+08:00,22279.580078125
2010-01-06 00:00:00+08:00,22416.669921875
2010-01-07 00:00:00+08:00,22269.44921875
2010-01-08 00:00:00+08:00,22296.75
2010-01-11 00:00:00+08:00,22411.51953125
2010-01-12 00:00:00+08:00,22326.640625
2010-01-13 00:00:00+08:00,21748.599609375
2010-01-14 00:00:00+08:00,21716.94921875
2010-01-15 00:00:00+08:00,21654.16015625
2010-01-18 00:00:00+08:00,21460.009765625
2010-01-19 00:00:00+08:00,21677.98046875
2010-01-20 00:00:00+08:00,21286.169921875
2010-01-21 00:00:00+08:00,20862.669921875
2010-01-22 00:00:00+08:00,20726.1796875
2010-01-25 00:00:00+08:00,20598.55078125
2010-01-26 00:00:00+08:00,20109.330078125
2010-01-27 00:00:00+08:00,20033.0703125
2010-01-28 00:00:00+08:00,20356.369140625
2010-01-29 00:00:00+08:00,20121.990234375
2010-02-01 00:00:00+08:00,20243.75
2010-02-02 00:00:00+08:00,20272.1796875
2010-02-03 00:00:00+08:00,20722.080078125
2010-02-04 00:00:00+08:00,20341.640625
2010-02-05 00:00:00+08:00,19665.080078125
2010-02-08 00:00:00+08:00,19550.890625
2010-02-09 00:00:00+08:00,19790.279296875
2010-02-10 00:00:00+08:00,19922.220703125
2010-02-11 00:00:00+08:00,20290.689453125
2010-02-12 00:00:00+08:00,20268.689453125
2010-02-17 00:00:00+08:00,20534.009765625
2010-02-18 00:00:00+08:00,20422.150390625
2010-02-19 00:00:00+08:00,19894.01953125
2010-02-22 00:00:00+08:00,20377.26953125
2010-02-23 00:00:00+08:00,20623.0
2010-02-24 00:00:00+08:00,20467.740234375
2010-02-25 00:00:00+08:00,20399.5703125
2010-02-26 00:00:00+08:00,20608.69921875
2010-03-01 00:00:00+08:00,21056.9296875
2010-03-02 00:00:00+08:00,20906.109375
2010-03-03 00:00:00+08:00,20876.7890625
2010-03-04 00:00:00+08:00,20575.779296875
2010-03-05 00:00:00+08:00,20787.970703125
2010-03-08 00:00:00+08:00,21196.869140625
2010-03-09 00:00:00+08:00,21207.55078125
2010-03-10 00:00:00+08:00,21208.2890625
2010-03-11 00:00:00+08:00,21228.19921875
2010-03-12 00:00:00+08:00,21209.740234375
2010-03-15 00:00:00+08:00,21079.099609375
2010-03-16 00:00:00+08:00,21022.9296875
2010-03-17 00:00:00+08:00,21384.490234375
2010-03-18 00:00:00+08:00,21330.669921875
2010-03-19 00:00:00+08:00,21370.8203125
2010-03-22 00:00:00+08:00,20933.25
2010-03-23 00:00:00+08:00,20987.779296875
2010-03-24 00:00:00+08:00,21008.619140625
2010-03-25 00:00:00+08:00,20778.55078125
2010-03-26 00:00:00+08:00,21053.109375
2010-03-29 00:00:00+08:00,21237.4296875
2010-03-30 00:00:00+08:00,21374.7890625
2010-03-31 00:00:00+08:00,21239.349609375
2010-04-01 00:00:00+08:00,21537.0
2010-04-07 00:00:00+08:00,21928.76953125
2010-04-08 00:00:00+08:00,21867.0390625
2010-04-09 00:00:00+08:00,22208.5
2010-04-12 00:00:00+08:00,22138.169921875
2010-04-13 00:00:00+08:00,22103.529296875
2010-04-14 00:00:00+08:00,22121.4296875
2010-04-15 00:00:00+08:00,22157.8203125
2010-04-16 00:00:00+08:00,21865.259765625
2010-04-19 00:00:00+08:00,21405.169921875
2010-04-20 00:00:00+08:00,21623.380859375
2010-04-21 00:00:00+08:00,21510.9296875
2010-04-22 00:00:00+08:00,21454.939453125
2010-04-23 00:00:00+08:00,21244.490234375
2010-04-26 00:00:00+08:00,21587.060546875
2010-04-27 00:00:00+08:00,21261.7890625
2010-04-28 00:00:00+08:00,20949.400390625
2010-04-29 00:00:00+08:00,20778.919921875
2010-04-30 00:00:00+08:00,21108.58984375
2010-05-03 00:00:00+08:00,20811.359375
2010-05-04 00:00:00+08:00,20763.05078125
2010-05-05 00:00:00+08:00,20327.5390625
2010-05-06 00:00:00+08:00,20133.41015625
2010-05-07 00:00:00+08:00,19920.2890625
2010-05-10 00:00:00+08:00,20426.640625
2010-05-11 00:00:00+08:00,20146.509765625
2010-05-12 00:00:00+08:00,20212.490234375
2010-05-13 00:00:00+08:00,20422.4609375
2010-05-14 00:00:00+08:00,20145.4296875
2010-05-17 00:00:00+08:00,19715.19921875
2010-05-18 00:00:00+08:00,19944.939453125
2010-05-19 00:00:00+08:00,19578.98046875
2010-05-20 00:00:00+08:00,19545.830078125
2010-05-24 00:00:00+08:00,19667.759765625
2010-05-25 00:00:00+08:00,18985.5
2010-05-26 00:00:00+08:00,19196.44921875
2010-05-27 00:00:00+08:00,19431.369140625
2010-05-28 00:00:00+08:00,19766.7109375
2010-05-31 00:00:00+08:00,19765.189453125
2010-06-01 00:00:00+08:00,19496.94921875
2010-06-02 00:00:00+08:00,19471.80078125
2010-06-03 00:00:00+08:00,19786.7109375
2010-06-04 00:00:00+08:00,19780.0703125
2010-06-07 00:00:00+08:00,19378.150390625
2010-06-08 00:00:00+08:00,19487.48046875
2010-06-09 00:00:00+08:00,19621.240234375
2010-06-10 00:00:00+08:00,19632.69921875
2010-06-11 00:00:00+08:00,19872.380859375
2010-06-14 00:00:00+08:00,20051.91015625
2010-06-15 00:00:00+08:00,20062.150390625
2010-06-17 00:00:00+08:00,20138.400390625
2010-06-18 00:00:00+08:00,20286.7109375
2010-06-21 00:00:00+08:00,20912.1796875
2010-06-22 00:00:00+08:00,20819.080078125
2010-06-23 00:00:00+08:00,20856.609375
2010-06-24 00:00:00+08:00,20733.490234375
2010-06-25 00:00:00+08:00,20690.7890625
2010-06-28 00:00:00+08:00,20726.6796875
2010-06-29 00:00:00+08:00,20248.900390625
2010-06-30 00:00:00+08:00,20128.990234375
2010-07-02 00:00:00+08:00,19905.3203125
2010-07-05 00:00:00+08:00,19842.19921875
2010-07-06 00:00:00+08:00,20084.119140625
2010-07-07 00:00:00+08:00,19857.0703125
2010-07-08 00:00:00+08:00,20050.560546875
2010-07-09 00:00:00+08:00,20378.66015625
2010-07-12 00:00:00+08:00,20467.4296875
2010-07-13 00:00:00+08:00,20431.060546875
2010-07-14 00:00:00+08:00,20560.810546875
2010-07-15 00:00:00+08:00,20255.619140625
2010-07-16 00:00:00+08:00,20250.16015625
2010-07-19 00:00:00+08:00,20090.94921875
2010-07-20 00:00:00+08:00,20264.58984375
2010-07-21 00:00:00+08:00,20487.23046875
2010-07-22 00:00:00+08:00,20589.69921875
2010-07-23 00:00:00+08:00,20815.330078125
2010-07-26 00:00:00+08:00,20839.91015625
2010-07-27 00:00:00+08:00,20973.390625
2010-07-28 00:00:00+08:00,21091.1796875
2010-07-29 00:00:00+08:00,21093.8203125
2010-07-30 00:00:00+08:00,21029.810546875
2010-08-02 00:00:00+08:00,21412.7890625
2010-08-03 00:00:00+08:00,21457.66015625
2010-08-04 00:00:00+08:00,21549.880859375
2010-08-05 00:00:00+08:00,21551.720703125
2010-08-06 00:00:00+08:00,21678.80078125
2010-08-09 00:00:00+08:00,21801.58984375
2010-08-10 00:00:00+08:00,21473.599609375
2010-08-11 00:00:00+08:00,21294.5390625
2010-08-12 00:00:00+08:00,21105.7109375
2010-08-13 00:00:00+08:00,21071.5703125
2010-08-16 00:00:00+08:00,21112.119140625
2010-08-17 00:00:00+08:00,21137.4296875
2010-08-18 00:00:00+08:00,21022.73046875
2010-08-19 00:00:00+08:00,21072.4609375
2010-08-20 00:00:00+08:00,20981.8203125
2010-08-23 00:00:00+08:00,20889.009765625
2010-08-24 00:00:00+08:00,20658.7109375
2010-08-25 00:00:00+08:00,20634.98046875
2010-08-26 00:00:00+08:00,20612.060546875
2010-08-27 00:00:00+08:00,20597.349609375
2010-08-30 00:00:00+08:00,20737.220703125
2010-08-31 00:00:00+08:00,20536.490234375
2010-09-01 00:00:00+08:00,20623.830078125
2010-09-02 00:00:00+08:00,20868.919921875
2010-09-03 00:00:00+08:00,20971.5
2010-09-06 00:00:00+08:00,21355.76953125
2010-09-07 00:00:00+08:00,21401.7890625
2010-09-08 00:00:00+08:00,21088.859375
2010-09-09 00:00:00+08:00,21167.26953125
2010-09-10 00:00:00+08:00,21257.390625
2010-09-13 00:00:00+08:00,21658.349609375
2010-09-14 00:00:00+08:00,21696.0390625
2010-09-15 00:00:00+08:00,21725.640625
2010-09-16 00:00:00+08:00,21691.44921875
2010-09-17 00:00:00+08:00,21970.859375
2010-09-20 00:00:00+08:00,21977.33984375
2010-09-21 00:00:00+08:00,22002.58984375
2010-09-22 00:00:00+08:00,22047.7109375
2010-09-24 00:00:00+08:00,22119.4296875
2010-09-27 00:00:00+08:00,22340.83984375
2010-09-28 00:00:00+08:00,22109.94921875
2010-09-29 00:00:00+08:00,22378.669921875
2010-09-30 00:00:00+08:00,22358.169921875
2010-10-04 00:00:00+08:00,22618.66015625
2010-10-05 00:00:00+08:00,22639.140625
2010-10-06 00:00:00+08:00,22880.41015625
2010-10-07 00:00:00+08:00,22884.3203125
2010-10-08 00:00:00+08:00,22944.1796875
2010-10-11 00:00:00+08:00,23207.310546875
2010-10-12 00:00:00+08:00,23121.69921875
2010-10-13 00:00:00+08:00,23457.689453125
2010-10-14 00:00:00+08:00,23852.169921875
2010-10-15 00:00:00+08:00,23757.630859375
2010-10-18 00:00:00+08:00,23469.380859375
2010-10-19 00:00:00+08:00,23763.73046875
2010-10-20 00:00:00+08:00,23556.5
2010-10-21 00:00:00+08:00,23649.48046875
2010-10-22 00:00:00+08:00,23517.5390625
2010-10-25 00:00:00+08:00,23627.91015625
2010-10-26 00:00:00+08:00,23601.240234375
2010-10-27 00:00:00+08:00,23164.580078125
2010-10-28 00:00:00+08:00,23210.859375
2010-10-29 00:00:00+08:00,23096.3203125
2010-11-01 00:00:00+08:00,23652.939453125
2010-11-02 00:00:00+08:00,23671.419921875
2010-11-03 00:00:00+08:00,24144.669921875
2010-11-04 00:00:00+08:00,24535.630859375
2010-11-05 00:00:00+08:00,24876.8203125
2010-11-08 00:00:00+08:00,24964.369140625
2010-11-09 00:00:00+08:00,24710.599609375
2010-11-10 00:00:00+08:00,24500.609375
2010-11-11 00:00:00+08:00,24700.30078125
2010-11-12 00:00:00+08:00,24222.580078125
2010-11-15 00:00:00+08:00,24027.1796875
2010-11-16 00:00:00+08:00,23693.01953125
2010-11-17 00:00:00+08:00,23214.4609375
2010-11-18 00:00:00+08:00,23637.390625
2010-11-19 00:00:00+08:00,23605.7109375
2010-11-22 00:00:00+08:00,23524.01953125
2010-11-23 00:00:00+08:00,22896.140625
2010-11-24 00:00:00+08:00,23023.859375
2010-11-25 00:00:00+08:00,23054.6796875
2010-11-26 00:00:00+08:00,22877.25
2010-11-29 00:00:00+08:00,23166.220703125
2010-11-30 00:00:00+08:00,23007.990234375
2010-12-01 00:00:00+08:00,23249.80078125
2010-12-02 00:00:00+08:00,23448.779296875
2010-12-03 00:00:00+08:00,23320.51953125
2010-12-06 00:00:00+08:00,23237.689453125
2010-12-07 00:00:00+08:00,23428.150390625
2010-12-08 00:00:00+08:00,23092.51953125
2010-12-09 00:00:00+08:00,23171.80078125
2010-12-10 00:00:00+08:00,23162.91015625
2010-12-13 00:00:00+08:00,23317.609375
2010-12-14 00:00:00+08:00,23431.189453125
2010-12-15 00:00:00+08:00,22975.349609375
2010-12-16 00:00:00+08:00,22668.779296875
2010-12-17 00:00:00+08:00,22714.849609375
2010-12-20 00:00:00+08:00,22639.080078125
2010-12-21 00:00:00+08:00,22993.859375
2010-12-22 00:00:00+08:00,23045.189453125
2010-12-23 00:00:00+08:00,22902.970703125
2010-12-24 00:00:00+08:00,22833.80078125
2010-12-28 00:00:00+08:00,22621.73046875
2010-12-29 00:00:00+08:00,22969.30078125
2010-12-30 00:00:00+08:00,22999.33984375
2010-12-31 00:00:00+08:00,23035.44921875
2011-01-03 00:00:00+08:00,23436.05078125
2011-01-04 00:00:00+08:00,23668.48046875
2011-01-05 00:00:00+08:00,23757.8203125
2011-01-06 00:00:00+08:00,23786.30078125
2011-01-07 00:00:00+08:00,23686.630859375
2011-01-10 00:00:00+08:00,23527.259765625
2011-01-11 00:00:00+08:00,23760.33984375
2011-01-12 00:00:00+08:00,24125.609375
2011-01-13 00:00:00+08:00,24238.98046875
2011-01-14 00:00:00+08:00,24283.23046875
2011-01-17 00:00:00+08:00,24156.970703125
2011-01-18 00:00:00+08:00,24153.98046875
2011-01-19 00:00:00+08:00,24419.619140625
2011-01-20 00:00:00+08:00,24003.69921875
2011-01-21 00:00:00+08:00,23876.859375
2011-01-24 00:00:00+08:00,23801.779296875
2011-01-25 00:00:00+08:00,23788.830078125
2011-01-26 00:00:00+08:00,23843.240234375
2011-01-27 00:00:00+08:00,23779.619140625
2011-01-28 00:00:00+08:00,23617.01953125
2011-01-31 00:00:00+08:00,23447.33984375
2011-02-01 00:00:00+08:00,23482.94921875
2011-02-02 00:00:00+08:00,23908.9609375
2011-02-07 00:00:00+08:00,23553.58984375
2011-02-08 00:00:00+08:00,23484.30078125
2011-02-09 00:00:00+08:00,23164.029296875
2011-02-10 00:00:00+08:00,22708.619140625
2011-02-11 00:00:00+08:00,22828.919921875
2011-02-14 00:00:00+08:00,23121.060546875
2011-02-15 00:00:00+08:00,22899.779296875
2011-02-16 00:00:00+08:00,23156.970703125
2011-02-17 00:00:00+08:00,23301.83984375
2011-02-18 00:00:00+08:00,23595.240234375
2011-02-21 00:00:00+08:00,23485.419921875
2011-02-22 00:00:00+08:00,22990.810546875
2011-02-23 00:00:00+08:00,22906.900390625
2011-02-24 00:00:00+08:00,22601.0390625
2011-02-25 00:00:00+08:00,23012.369140625
2011-02-28 00:00:00+08:00,23338.01953125
2011-03-01 00:00:00+08:00,23396.419921875
2011-03-02 00:00:00+08:00,23048.66015625
2011-03-03 00:00:00+08:00,23122.419921875
2011-03-04 00:00:00+08:00,23408.859375
2011-03-07 00:00:00+08:00,23313.189453125
2011-03-08 00:00:00+08:00,23711.69921875
2011-03-09 00:00:00+08:00,23810.109375
2011-03-10 00:00:00+08:00,23614.890625
2011-03-11 00:00:00+08:00,23249.779296875
2011-03-14 00:00:00+08:00,23345.880859375
2011-03-15 00:00:00+08:00,22678.25
2011-03-16 00:00:00+08:00,22700.880859375
2011-03-17 00:00:00+08:00,22284.4296875
2011-03-18 00:00:00+08:00,22300.23046875
2011-03-21 00:00:00+08:00,22685.220703125
2011-03-22 00:00:00+08:00,22857.900390625
2011-03-23 00:00:00+08:00,22825.400390625
2011-03-24 00:00:00+08:00,22915.279296875
2011-03-25 00:00:00+08:00,23158.669921875
2011-03-28 00:00:00+08:00,23068.189453125
2011-03-29 00:00:00+08:00,23060.359375
2011-03-30 00:00:00+08:00,23451.4296875
2011-03-31 00:00:00+08:00,23527.51953125
2011-04-01 00:00:00+08:00,23801.900390625
2011-04-04 00:00:00+08:00,24150.580078125
2011-04-06 00:00:00+08:00,24285.05078125
2011-04-07 00:00:00+08:00,24281.80078125
2011-04-08 00:00:00+08:00,24396.0703125
2011-04-11 00:00:00+08:00,24303.0703125
2011-04-12 00:00:00+08:00,23976.369140625
2011-04-13 00:00:00+08:00,24135.029296875
2011-04-14 00:00:00+08:00,24014.0
2011-04-15 00:00:00+08:00,24008.0703125
2011-04-18 00:00:00+08:00,23830.310546875
2011-04-19 00:00:00+08:00,23520.619140625
2011-04-20 00:00:00+08:00,23896.099609375
2011-04-21 00:00:00+08:00,24138.310546875
2011-04-26 00:00:00+08:00,24007.380859375
2011-04-27 00:00:00+08:00,23892.83984375
2011-04-28 00:00:00+08:00,23805.630859375
2011-04-29 00:00:00+08:00,23720.810546875
2011-05-03 00:00:00+08:00,23633.25
2011-05-04 00:00:00+08:00,23315.240234375
2011-05-05 00:00:00+08:00,23261.609375
2011-05-06 00:00:00+08:00,23159.140625
2011-05-09 00:00:00+08:00,23336.0
2011-05-11 00:00:00+08:00,23291.80078125
2011-05-12 00:00:00+08:00,23073.759765625
2011-05-13 00:00:00+08:00,23276.26953125
2011-05-16 00:00:00+08:00,22960.630859375
2011-05-17 00:00:00+08:00,22901.080078125
2011-05-18 00:00:00+08:00,23011.140625
2011-05-19 00:00:00+08:00,23163.380859375
2011-05-20 00:00:00+08:00,23199.390625
2011-05-23 00:00:00+08:00,22711.01953125
2011-05-24 00:00:00+08:00,22730.779296875
2011-05-25 00:00:00+08:00,22747.279296875
2011-05-26 00:00:00+08:00,22900.7890625
2011-05-27 00:00:00+08:00,23118.0703125
2011-05-30 00:00:00+08:00,23184.3203125
2011-05-31 00:00:00+08:00,23684.130859375
2011-06-01 00:00:00+08:00,23626.4296875
2011-06-02 00:00:00+08:00,23253.83984375
2011-06-03 00:00:00+08:00,22949.560546875
2011-06-07 00:00:00+08:00,22868.669921875
2011-06-08 00:00:00+08:00,22661.630859375
2011-06-09 00:00:00+08:00,22609.830078125
2011-06-10 00:00:00+08:00,22420.369140625
2011-06-13 00:00:00+08:00,22508.080078125
2011-06-14 00:00:00+08:00,22496.0
2011-06-15 00:00:00+08:00,22343.76953125
2011-06-16 00:00:00+08:00,21953.109375
2011-06-17 00:00:00+08:00,21695.259765625
2011-06-20 00:00:00+08:00,21599.509765625
2011-06-21 00:00:00+08:00,21850.58984375
2011-06-22 00:00:00+08:00,21859.970703125
2011-06-23 00:00:00+08:00,21759.140625
2011-06-24 00:00:00+08:00,22171.94921875
2011-06-27 00:00:00+08:00,22041.76953125
2011-06-28 00:00:00+08:00,22061.779296875
2011-06-29 00:00:00+08:00,22061.1796875
2011-06-30 00:00:00+08:00,22398.099609375
2011-07-04 00:00:00+08:00,22770.470703125
2011-07-05 00:00:00+08:00,22747.94921875
2011-07-06 00:00:00+08:00,22517.55078125
2011-07-07 00:00:00+08:00,22530.1796875
2011-07-08 00:00:00+08:00,22726.4296875
2011-07-11 00:00:00+08:00,22347.23046875
2011-07-12 00:00:00+08:00,21663.16015625
2011-07-13 00:00:00+08:00,21926.880859375
2011-07-14 00:00:00+08:00,21940.19921875
2011-07-15 00:00:00+08:00,21875.380859375
2011-07-18 00:00:00+08:00,21804.75
2011-07-19 00:00:00+08:00,21902.400390625
2011-07-20 00:00:00+08:00,22003.689453125
2011-07-21 00:00:00+08:00,21987.2890625
2011-07-22 00:00:00+08:00,22444.80078125
2011-07-25 00:00:00+08:00,22293.2890625
2011-07-26 00:00:00+08:00,22572.080078125
2011-07-27 00:00:00+08:00,22541.689453125
2011-07-28 00:00:00+08:00,22570.740234375
2011-07-29 00:00:00+08:00,22440.25
2011-08-01 00:00:00+08:00,22663.369140625
2011-08-02 00:00:00+08:00,22421.4609375
2011-08-03 00:00:00+08:00,21992.720703125
2011-08-04 00:00:00+08:00,21884.740234375
2011-08-05 00:00:00+08:00,20946.140625
2011-08-08 00:00:00+08:00,20490.5703125
2011-08-09 00:00:00+08:00,19330.69921875
2011-08-10 00:00:00+08:00,19783.669921875
2011-08-11 00:00:00+08:00,19595.140625
2011-08-12 00:00:00+08:00,19620.009765625
2011-08-15 00:00:00+08:00,20260.099609375
2011-08-16 00:00:00+08:00,20212.080078125
2011-08-17 00:00:00+08:00,20289.029296875
2011-08-18 00:00:00+08:00,20016.26953125
2011-08-19 00:00:00+08:00,19399.919921875
2011-08-22 00:00:00+08:00,19486.869140625
2011-08-23 00:00:00+08:00,19875.529296875
2011-08-24 00:00:00+08:00,19466.7890625
2011-08-25 00:00:00+08:00,19752.48046875
2011-08-26 00:00:00+08:00,19582.880859375
2011-08-29 00:00:00+08:00,19865.109375
2011-08-30 00:00:00+08:00,20204.169921875
2011-08-31 00:00:00+08:00,20534.849609375
2011-09-01 00:00:00+08:00,20585.330078125
2011-09-02 00:00:00+08:00,20212.91015625
2011-09-05 00:00:00+08:00,19616.400390625
2011-09-06 00:00:00+08:00,19710.5
2011-09-07 00:00:00+08:00,20048.0
2011-09-08 00:00:00+08:00,19912.8203125
2011-09-09 00:00:00+08:00,19866.630859375
2011-09-12 00:00:00+08:00,19030.5390625
2011-09-14 00:00:00+08:00,19045.439453125
2011-09-15 00:00:00+08:00,19181.5
2011-09-16 00:00:00+08:00,19455.310546875
2011-09-19 00:00:00+08:00,18917.94921875
2011-09-20 00:00:00+08:00,19014.80078125
2011-09-21 00:00:00+08:00,18824.169921875
2011-09-22 00:00:00+08:00,17911.94921875
2011-09-23 00:00:00+08:00,17668.830078125
2011-09-26 00:00:00+08:00,17407.80078125
2011-09-27 00:00:00+08:00,18130.55078125
2011-09-28 00:00:00+08:00,18011.060546875
2011-09-30 00:00:00+08:00,17592.41015625
2011-10-03 00:00:00+08:00,16822.150390625
2011-10-04 00:00:00+08:00,16250.26953125
2011-10-06 00:00:00+08:00,17172.279296875
2011-10-07 00:00:00+08:00,17707.009765625
2011-10-10 00:00:00+08:00,17711.060546875
2011-10-11 00:00:00+08:00,18141.58984375
2011-10-12 00:00:00+08:00,18329.4609375
2011-10-13 00:00:00+08:00,18757.810546875
2011-10-14 00:00:00+08:00,18501.7890625
2011-10-17 00:00:00+08:00,18873.990234375
2011-10-18 00:00:00+08:00,18076.4609375
2011-10-19 00:00:00+08:00,18309.220703125
2011-10-20 00:00:00+08:00,17983.099609375
2011-10-21 00:00:00+08:00,18025.720703125
2011-10-24 00:00:00+08:00,18771.8203125
2011-10-25 00:00:00+08:00,18968.19921875
2011-10-26 00:00:00+08:00,19066.5390625
2011-10-27 00:00:00+08:00,19688.69921875
2011-10-28 00:00:00+08:00,20019.240234375
2011-10-31 00:00:00+08:00,19864.869140625
2011-11-01 00:00:00+08:00,19369.9609375
2011-11-02 00:00:00+08:00,19733.7109375
2011-11-03 00:00:00+08:00,19242.5
2011-11-04 00:00:00+08:00,19842.7890625
2011-11-07 00:00:00+08:00,19677.890625
2011-11-08 00:00:00+08:00,19678.470703125
2011-11-09 00:00:00+08:00,20014.4296875
2011-11-10 00:00:00+08:00,18963.890625
2011-11-11 00:00:00+08:00,19137.169921875
2011-11-14 00:00:00+08:00,19508.1796875
2011-11-15 00:00:00+08:00,19348.439453125
2011-11-16 00:00:00+08:00,18960.900390625
2011-11-17 00:00:00+08:00,18817.470703125
2011-11-18 00:00:00+08:00,18491.23046875
2011-11-21 00:00:00+08:00,18225.849609375
2011-11-22 00:00:00+08:00,18251.58984375
2011-11-23 00:00:00+08:00,17864.4296875
2011-11-24 00:00:00+08:00,17935.099609375
2011-11-25 00:00:00+08:00,17689.48046875
2011-11-28 00:00:00+08:00,18037.810546875
2011-11-29 00:00:00+08:00,18256.19921875
2011-11-30 00:00:00+08:00,17989.349609375
2011-12-01 00:00:00+08:00,19002.259765625
2011-12-02 00:00:00+08:00,19040.390625
2011-12-05 00:00:00+08:00,19179.689453125
2011-12-06 00:00:00+08:00,18942.23046875
2011-12-07 00:00:00+08:00,19240.580078125
2011-12-08 00:00:00+08:00,19107.810546875
2011-12-09 00:00:00+08:00,18586.23046875
2011-12-12 00:00:00+08:00,18575.66015625
2011-12-13 00:00:00+08:00,18447.169921875
2011-12-14 00:00:00+08:00,18354.4296875
2011-12-15 00:00:00+08:00,18026.83984375
2011-12-16 00:00:00+08:00,18285.390625
2011-12-19 00:00:00+08:00,18070.2109375
2011-12-20 00:00:00+08:00,18080.19921875
2011-12-21 00:00:00+08:00,18416.44921875
2011-12-22 00:00:00+08:00,18378.23046875
2011-12-23 00:00:00+08:00,18629.169921875
2011-12-28 00:00:00+08:00,18518.669921875
2011-12-29 00:00:00+08:00,18397.919921875
2011-12-30 00:00:00+08:00,18434.390625
2012-01-03 00:00:00+08:00,18877.41015625
2012-01-04 00:00:00+08:00,18727.310546875
2012-01-05 00:00:00+08:00,18813.41015625
2012-01-06 00:00:00+08:00,18593.060546875
2012-01-09 00:00:00+08:00,18865.720703125
2012-01-10 00:00:00+08:00,19004.279296875
2012-01-11 00:00:00+08:00,19151.939453125
2012-01-12 00:00:00+08:00,19095.380859375
2012-01-13 00:00:00+08:00,19204.419921875
2012-01-16 00:00:00+08:00,19012.19921875
2012-01-17 00:00:00+08:00,19627.75
2012-01-18 00:00:00+08:00,19686.919921875
2012-01-19 00:00:00+08:00,19942.94921875
2012-01-20 00:00:00+08:00,20110.369140625
2012-01-26 00:00:00+08:00,20439.140625
2012-01-27 00:00:00+08:00,20501.669921875
2012-01-30 00:00:00+08:00,20160.41015625
2012-01-31 00:00:00+08:00,20390.490234375
2012-02-01 00:00:00+08:00,20333.369140625
2012-02-02 00:00:00+08:00,20739.44921875
2012-02-03 00:00:00+08:00,20756.98046875
2012-02-06 00:00:00+08:00,20709.939453125
2012-02-07 00:00:00+08:00,20699.189453125
2012-02-08 00:00:00+08:00,21018.4609375
2012-02-09 00:00:00+08:00,21010.009765625
2012-02-10 00:00:00+08:00,20783.859375
2012-02-13 00:00:00+08:00,20887.400390625
2012-02-14 00:00:00+08:00,20917.830078125
2012-02-15 00:00:00+08:00,21365.23046875
2012-02-16 00:00:00+08:00,21277.279296875
2012-02-17 00:00:00+08:00,21491.619140625
2012-02-20 00:00:00+08:00,21424.7890625
2012-02-21 00:00:00+08:00,21478.720703125
2012-02-22 00:00:00+08:00,21549.279296875
2012-02-23 00:00:00+08:00,21380.990234375
2012-02-24 00:00:00+08:00,21406.859375
2012-02-27 00:00:00+08:00,21217.859375
2012-02-28 00:00:00+08:00,21568.73046875
2012-02-29 00:00:00+08:00,21680.080078125
2012-03-01 00:00:00+08:00,21387.9609375
2012-03-02 00:00:00+08:00,21562.259765625
2012-03-05 00:00:00+08:00,21265.310546875
2012-03-06 00:00:00+08:00,20806.25
2012-03-07 00:00:00+08:00,20627.779296875
2012-03-08 00:00:00+08:00,20900.73046875
2012-03-09 00:00:00+08:00,21086.0
2012-03-12 00:00:00+08:00,21134.1796875
2012-03-13 00:00:00+08:00,21339.69921875
2012-03-14 00:00:00+08:00,21307.890625
2012-03-15 00:00:00+08:00,21353.529296875
2012-03-16 00:00:00+08:00,21317.849609375
2012-03-20 00:00:00+08:00,20888.240234375
2012-03-21 00:00:00+08:00,20856.630859375
2012-03-22 00:00:00+08:00,20901.560546875
2012-03-23 00:00:00+08:00,20668.80078125
2012-03-26 00:00:00+08:00,20668.859375
2012-03-27 00:00:00+08:00,21046.91015625
2012-03-28 00:00:00+08:00,20885.419921875
2012-03-29 00:00:00+08:00,20609.390625
2012-03-30 00:00:00+08:00,20555.580078125
2012-04-02 00:00:00+08:00,20522.259765625
2012-04-03 00:00:00+08:00,20790.98046875
2012-04-05 00:00:00+08:00,20593.0
2012-04-10 00:00:00+08:00,20356.240234375
2012-04-11 00:00:00+08:00,20140.669921875
2012-04-12 00:00:00+08:00,20327.3203125
2012-04-13 00:00:00+08:00,20701.0390625
2012-04-16 00:00:00+08:00,20610.640625
2012-04-17 00:00:00+08:00,20562.310546875
2012-04-18 00:00:00+08:00,20780.73046875
2012-04-19 00:00:00+08:00,20995.009765625
2012-04-20 00:00:00+08:00,21010.640625
2012-04-23 00:00:00+08:00,20624.390625
2012-04-24 00:00:00+08:00,20677.16015625
2012-04-25 00:00:00+08:00,20646.2890625
2012-04-26 00:00:00+08:00,20809.7109375
2012-04-27 00:00:00+08:00,20741.44921875
2012-04-30 00:00:00+08:00,21094.2109375
2012-05-02 00:00:00+08:00,21309.080078125
2012-05-03 00:00:00+08:00,21249.529296875
2012-05-04 00:00:00+08:00,21086.0
2012-05-07 00:00:00+08:00,20536.650390625
2012-05-08 00:00:00+08:00,20484.75
2012-05-09 00:00:00+08:00,20330.640625
2012-05-10 00:00:00+08:00,20227.279296875
2012-05-11 00:00:00+08:00,19964.630859375
2012-05-14 00:00:00+08:00,19735.0390625
2012-05-15 00:00:00+08:00,19894.310546875
2012-05-16 00:00:00+08:00,19259.830078125
2012-05-17 00:00:00+08:00,19200.9296875
2012-05-18 00:00:00+08:00,18951.849609375
2012-05-21 00:00:00+08:00,18922.3203125
2012-05-22 00:00:00+08:00,19039.150390625
2012-05-23 00:00:00+08:00,18786.189453125
2012-05-24 00:00:00+08:00,18666.400390625
2012-05-25 00:00:00+08:00,18713.41015625
2012-05-28 00:00:00+08:00,18800.990234375
2012-05-29 00:00:00+08:00,19055.4609375
2012-05-30 00:00:00+08:00,18690.220703125
2012-05-31 00:00:00+08:00,18629.51953125
2012-06-01 00:00:00+08:00,18558.33984375
2012-06-04 00:00:00+08:00,18185.58984375
2012-06-05 00:00:00+08:00,18259.029296875
2012-06-06 00:00:00+08:00,18520.529296875
2012-06-07 00:00:00+08:00,18678.2890625
2012-06-08 00:00:00+08:00,18502.33984375
2012-06-11 00:00:00+08:00,18953.630859375
2012-06-12 00:00:00+08:00,18872.560546875
2012-06-13 00:00:00+08:00,19026.51953125
2012-06-14 00:00:00+08:00,18808.400390625
2012-06-15 00:00:00+08:00,19233.939453125
2012-06-18 00:00:00+08:00,19427.810546875
2012-06-19 00:00:00+08:00,19416.669921875
2012-06-20 00:00:00+08:00,19518.849609375
2012-06-21 00:00:00+08:00,19265.0703125
2012-06-22 00:00:00+08:00,18995.130859375
2012-06-25 00:00:00+08:00,18897.44921875
2012-06-26 00:00:00+08:00,18981.83984375
2012-06-27 00:00:00+08:00,19176.94921875
2012-06-28 00:00:00+08:00,19025.26953125
2012-06-29 00:00:00+08:00,19441.4609375
2012-07-03 00:00:00+08:00,19735.529296875
2012-07-04 00:00:00+08:00,19709.75
2012-07-05 00:00:00+08:00,19809.130859375
2012-07-06 00:00:00+08:00,19800.640625
2012-07-09 00:00:00+08:00,19428.08984375
2012-07-10 00:00:00+08:00,19396.359375
2012-07-11 00:00:00+08:00,19419.869140625
2012-07-12 00:00:00+08:00,19025.109375
2012-07-13 00:00:00+08:00,19092.630859375
2012-07-16 00:00:00+08:00,19121.33984375
2012-07-17 00:00:00+08:00,19455.330078125
2012-07-18 00:00:00+08:00,19239.880859375
2012-07-19 00:00:00+08:00,19559.05078125
2012-07-20 00:00:00+08:00,19640.80078125
2012-07-23 00:00:00+08:00,19053.470703125
2012-07-24 00:00:00+08:00,18903.19921875
2012-07-25 00:00:00+08:00,18877.330078125
2012-07-26 00:00:00+08:00,18892.7890625
2012-07-27 00:00:00+08:00,19274.9609375
2012-07-30 00:00:00+08:00,19585.400390625
2012-07-31 00:00:00+08:00,19796.810546875
2012-08-01 00:00:00+08:00,19820.380859375
2012-08-02 00:00:00+08:00,19690.19921875
2012-08-03 00:00:00+08:00,19666.1796875
2012-08-06 00:00:00+08:00,19998.720703125
2012-08-07 00:00:00+08:00,20072.55078125
2012-08-08 00:00:00+08:00,20065.51953125
2012-08-09 00:00:00+08:00,20269.470703125
2012-08-10 00:00:00+08:00,20136.119140625
2012-08-13 00:00:00+08:00,20081.359375
2012-08-14 00:00:00+08:00,20291.6796875
2012-08-15 00:00:00+08:00,20052.2890625
2012-08-16 00:00:00+08:00,19962.94921875
2012-08-17 00:00:00+08:00,20116.0703125
2012-08-20 00:00:00+08:00,20104.26953125
2012-08-21 00:00:00+08:00,20100.08984375
2012-08-22 00:00:00+08:00,19887.779296875
2012-08-23 00:00:00+08:00,20132.240234375
2012-08-24 00:00:00+08:00,19880.029296875
2012-08-27 00:00:00+08:00,19798.669921875
2012-08-28 00:00:00+08:00,19811.80078125
2012-08-29 00:00:00+08:00,19788.509765625
2012-08-30 00:00:00+08:00,19552.91015625
2012-08-31 00:00:00+08:00,19482.5703125
2012-09-03 00:00:00+08:00,19559.2109375
2012-09-04 00:00:00+08:00,19429.91015625
2012-09-05 00:00:00+08:00,19145.0703125
2012-09-06 00:00:00+08:00,19209.30078125
2012-09-07 00:00:00+08:00,19802.16015625
2012-09-10 00:00:00+08:00,19827.169921875
2012-09-11 00:00:00+08:00,19857.880859375
2012-09-12 00:00:00+08:00,20075.390625
2012-09-13 00:00:00+08:00,20047.630859375
2012-09-14 00:00:00+08:00,20629.779296875
2012-09-17 00:00:00+08:00,20658.109375
2012-09-18 00:00:00+08:00,20601.9296875
2012-09-19 00:00:00+08:00,20841.91015625
2012-09-20 00:00:00+08:00,20590.919921875
2012-09-21 00:00:00+08:00,20734.939453125
2012-09-24 00:00:00+08:00,20694.69921875
2012-09-25 00:00:00+08:00,20698.6796875
2012-09-26 00:00:00+08:00,20527.73046875
2012-09-27 00:00:00+08:00,20762.2890625
2012-09-28 00:00:00+08:00,20840.380859375
2012-10-03 00:00:00+08:00,20888.279296875
2012-10-04 00:00:00+08:00,20907.94921875
2012-10-05 00:00:00+08:00,21012.380859375
2012-10-08 00:00:00+08:00,20824.560546875
2012-10-09 00:00:00+08:00,20937.279296875
2012-10-10 00:00:00+08:00,20919.599609375
2012-10-11 00:00:00+08:00,20999.05078125
2012-10-12 00:00:00+08:00,21136.4296875
2012-10-15 00:00:00+08:00,21148.25
2012-10-16 00:00:00+08:00,21207.0703125
2012-10-17 00:00:00+08:00,21416.640625
2012-10-18 00:00:00+08:00,21518.7109375
2012-10-19 00:00:00+08:00,21551.759765625
2012-10-22 00:00:00+08:00,21697.55078125
2012-10-24 00:00:00+08:00,21763.779296875
2012-10-25 00:00:00+08:00,21810.23046875
2012-10-26 00:00:00+08:00,21545.5703125
2012-10-29 00:00:00+08:00,21511.05078125
2012-10-30 00:00:00+08:00,21428.580078125
2012-10-31 00:00:00+08:00,21641.8203125
2012-11-01 00:00:00+08:00,21821.869140625
2012-11-02 00:00:00+08:00,22111.330078125
2012-11-05 00:00:00+08:00,22006.400390625
2012-11-06 00:00:00+08:00,21944.4296875
2012-11-07 00:00:00+08:00,22099.849609375
2012-11-08 00:00:00+08:00,21566.91015625
2012-11-09 00:00:00+08:00,21384.380859375
2012-11-12 00:00:00+08:00,21430.30078125
2012-11-13 00:00:00+08:00,21188.650390625
2012-11-14 00:00:00+08:00,21441.990234375
2012-11-15 00:00:00+08:00,21108.9296875
2012-11-16 00:00:00+08:00,21159.009765625
2012-11-19 00:00:00+08:00,21262.060546875
2012-11-20 00:00:00+08:00,21228.279296875
2012-11-21 00:00:00+08:00,21524.359375
2012-11-22 00:00:00+08:00,21743.19921875
2012-11-23 00:00:00+08:00,21913.98046875
2012-11-26 00:00:00+08:00,21861.810546875
2012-11-27 00:00:00+08:00,21844.029296875
2012-11-28 00:00:00+08:00,21708.98046875
2012-11-29 00:00:00+08:00,21922.890625
2012-11-30 00:00:00+08:00,22030.390625
2012-12-03 00:00:00+08:00,21767.849609375
2012-12-04 00:00:00+08:00,21799.970703125
2012-12-05 00:00:00+08:00,22270.91015625
2012-12-06 00:00:00+08:00,22249.810546875
2012-12-07 00:00:00+08:00,22191.169921875
2012-12-10 00:00:00+08:00,22276.720703125
2012-12-11 00:00:00+08:00,22323.939453125
2012-12-12 00:00:00+08:00,22503.349609375
2012-12-13 00:00:00+08:00,22445.580078125
2012-12-14 00:00:00+08:00,22605.98046875
2012-12-17 00:00:00+08:00,22513.609375
2012-12-18 00:00:00+08:00,22494.73046875
2012-12-19 00:00:00+08:00,22623.369140625
2012-12-20 00:00:00+08:00,22659.779296875
2012-12-21 00:00:00+08:00,22506.2890625
2012-12-24 00:00:00+08:00,22541.1796875
2012-12-27 00:00:00+08:00,22619.779296875
2012-12-28 00:00:00+08:00,22666.58984375
2012-12-31 00:00:00+08:00,22656.919921875
2013-01-02 00:00:00+08:00,23311.98046875
2013-01-03 00:00:00+08:00,23398.599609375
2013-01-04 00:00:00+08:00,23331.08984375
2013-01-07 00:00:00+08:00,23329.75
2013-01-08 00:00:00+08:00,23111.189453125
2013-01-09 00:00:00+08:00,23218.470703125
2013-01-10 00:00:00+08:00,23354.310546875
2013-01-11 00:00:00+08:00,23264.0703125
2013-01-14 00:00:00+08:00,23413.259765625
2013-01-15 00:00:00+08:00,23381.509765625
2013-01-16 00:00:00+08:00,23356.990234375
2013-01-17 00:00:00+08:00,23339.759765625
2013-01-18 00:00:00+08:00,23601.779296875
2013-01-21 00:00:00+08:00,23590.91015625
2013-01-22 00:00:00+08:00,23658.990234375
2013-01-23 00:00:00+08:00,23635.099609375
2013-01-24 00:00:00+08:00,23598.900390625
2013-01-25 00:00:00+08:00,23580.4296875
2013-01-28 00:00:00+08:00,23671.880859375
2013-01-29 00:00:00+08:00,23655.169921875
2013-01-30 00:00:00+08:00,23822.060546875
2013-01-31 00:00:00+08:00,23729.529296875
2013-02-01 00:00:00+08:00,23721.83984375
2013-02-04 00:00:00+08:00,23685.009765625
2013-02-05 00:00:00+08:00,23148.529296875
2013-02-06 00:00:00+08:00,23256.9296875
2013-02-07 00:00:00+08:00,23177.0
2013-02-08 00:00:00+08:00,23215.16015625
2013-02-14 00:00:00+08:00,23413.25
2013-02-15 00:00:00+08:00,23444.560546875
2013-02-18 00:00:00+08:00,23381.939453125
2013-02-19 00:00:00+08:00,23143.91015625
2013-02-20 00:00:00+08:00,23307.41015625
2013-02-21 00:00:00+08:00,22906.669921875
2013-02-22 00:00:00+08:00,22782.439453125
2013-02-25 00:00:00+08:00,22820.080078125
2013-02-26 00:00:00+08:00,22519.689453125
2013-02-27 00:00:00+08:00,22577.009765625
2013-02-28 00:00:00+08:00,23020.26953125
2013-03-01 00:00:00+08:00,22880.220703125
2013-03-04 00:00:00+08:00,22537.810546875
2013-03-05 00:00:00+08:00,22560.5
2013-03-06 00:00:00+08:00,22777.83984375
2013-03-07 00:00:00+08:00,22771.439453125
2013-03-08 00:00:00+08:00,23091.94921875
2013-03-11 00:00:00+08:00,23090.8203125
2013-03-12 00:00:00+08:00,22890.599609375
2013-03-13 00:00:00+08:00,22556.650390625
2013-03-14 00:00:00+08:00,22619.1796875
2013-03-15 00:00:00+08:00,22533.109375
2013-03-18 00:00:00+08:00,22083.359375
2013-03-19 00:00:00+08:00,22041.859375
2013-03-20 00:00:00+08:00,22256.439453125
2013-03-21 00:00:00+08:00,22225.880859375
2013-03-22 00:00:00+08:00,22115.30078125
2013-03-25 00:00:00+08:00,22251.150390625
2013-03-26 00:00:00+08:00,22311.080078125
2013-03-27 00:00:00+08:00,22464.8203125
2013-03-28 00:00:00+08:00,22299.630859375
2013-04-02 00:00:00+08:00,22367.8203125
2013-04-03 00:00:00+08:00,22337.490234375
2013-04-05 00:00:00+08:00,21726.900390625
2013-04-08 00:00:00+08:00,21718.05078125
2013-04-09 00:00:00+08:00,21870.33984375
2013-04-10 00:00:00+08:00,22034.560546875
2013-04-11 00:00:00+08:00,22101.26953125
2013-04-12 00:00:00+08:00,22089.05078125
2013-04-15 00:00:00+08:00,21772.669921875
2013-04-16 00:00:00+08:00,21672.029296875
2013-04-17 00:00:00+08:00,21569.669921875
2013-04-18 00:00:00+08:00,21512.51953125
2013-04-19 00:00:00+08:00,22013.5703125
2013-04-22 00:00:00+08:00,22044.369140625
2013-04-23 00:00:00+08:00,21806.609375
2013-04-24 00:00:00+08:00,22183.05078125
2013-04-25 00:00:00+08:00,22401.240234375
2013-04-26 00:00:00+08:00,22547.7109375
2013-04-29 00:00:00+08:00,22580.76953125
2013-04-30 00:00:00+08:00,22737.009765625
2013-05-02 00:00:00+08:00,22668.30078125
2013-05-03 00:00:00+08:00,22689.9609375
2013-05-06 00:00:00+08:00,22915.08984375
2013-05-07 00:00:00+08:00,23047.08984375
2013-05-08 00:00:00+08:00,23244.349609375
2013-05-09 00:00:00+08:00,23211.48046875
2013-05-10 00:00:00+08:00,23321.220703125
2013-05-13 00:00:00+08:00,22989.810546875
2013-05-14 00:00:00+08:00,22930.279296875
2013-05-15 00:00:00+08:00,23044.240234375
2013-05-16 00:00:00+08:00,23082.6796875
2013-05-20 00:00:00+08:00,23493.029296875
2013-05-21 00:00:00+08:00,23366.369140625
2013-05-22 00:00:00+08:00,23261.080078125
2013-05-23 00:00:00+08:00,22669.6796875
2013-05-24 00:00:00+08:00,22618.669921875
2013-05-27 00:00:00+08:00,22686.05078125
2013-05-28 00:00:00+08:00,22924.25
2013-05-29 00:00:00+08:00,22554.9296875
2013-05-30 00:00:00+08:00,22484.310546875
2013-05-31 00:00:00+08:00,22392.16015625
2013-06-03 00:00:00+08:00,22282.189453125
2013-06-04 00:00:00+08:00,22285.51953125
2013-06-05 00:00:00+08:00,22069.240234375
2013-06-06 00:00:00+08:00,21838.4296875
2013-06-07 00:00:00+08:00,21575.259765625
2013-06-10 00:00:00+08:00,21615.08984375
2013-06-11 00:00:00+08:00,21354.66015625
2013-06-13 00:00:00+08:00,20887.0390625
2013-06-14 00:00:00+08:00,20969.140625
2013-06-17 00:00:00+08:00,21225.900390625
2013-06-18 00:00:00+08:00,21225.880859375
2013-06-19 00:00:00+08:00,20986.890625
2013-06-20 00:00:00+08:00,20382.869140625
2013-06-21 00:00:00+08:00,20263.310546875
2013-06-24 00:00:00+08:00,19813.98046875
2013-06-25 00:00:00+08:00,19855.720703125
2013-06-26 00:00:00+08:00,20338.55078125
2013-06-27 00:00:00+08:00,20440.080078125
2013-06-28 00:00:00+08:00,20803.2890625
2013-07-02 00:00:00+08:00,20658.650390625
2013-07-03 00:00:00+08:00,20147.310546875
2013-07-04 00:00:00+08:00,20468.669921875
2013-07-05 00:00:00+08:00,20854.669921875
2013-07-08 00:00:00+08:00,20582.189453125
2013-07-09 00:00:00+08:00,20683.009765625
2013-07-10 00:00:00+08:00,20904.560546875
2013-07-11 00:00:00+08:00,21437.490234375
2013-07-12 00:00:00+08:00,21277.279296875
2013-07-15 00:00:00+08:00,21303.310546875
2013-07-16 00:00:00+08:00,21312.380859375
2013-07-17 00:00:00+08:00,21371.869140625
2013-07-18 00:00:00+08:00,21345.220703125
2013-07-19 00:00:00+08:00,21362.419921875
2013-07-22 00:00:00+08:00,21416.5
2013-07-23 00:00:00+08:00,21915.419921875
2013-07-24 00:00:00+08:00,21968.9296875
2013-07-25 00:00:00+08:00,21900.9609375
2013-07-26 00:00:00+08:00,21968.94921875
2013-07-29 00:00:00+08:00,21850.150390625
2013-07-30 00:00:00+08:00,21953.9609375
2013-07-31 00:00:00+08:00,21883.66015625
2013-08-01 00:00:00+08:00,22088.7890625
2013-08-02 00:00:00+08:00,22190.970703125
2013-08-05 00:00:00+08:00,22222.009765625
2013-08-06 00:00:00+08:00,21923.69921875
2013-08-07 00:00:00+08:00,21588.83984375
2013-08-08 00:00:00+08:00,21655.880859375
2013-08-09 00:00:00+08:00,21807.560546875
2013-08-12 00:00:00+08:00,22271.279296875
2013-08-13 00:00:00+08:00,22541.130859375
2013-08-15 00:00:00+08:00,22539.25
2013-08-16 00:00:00+08:00,22517.810546875
2013-08-19 00:00:00+08:00,22463.69921875
2013-08-20 00:00:00+08:00,21970.2890625
2013-08-21 00:00:00+08:00,21817.73046875
2013-08-22 00:00:00+08:00,21895.400390625
2013-08-23 00:00:00+08:00,21863.509765625
2013-08-26 00:00:00+08:00,22005.3203125
2013-08-27 00:00:00+08:00,21874.76953125
2013-08-28 00:00:00+08:00,21524.650390625
2013-08-29 00:00:00+08:00,21704.779296875
2013-08-30 00:00:00+08:00,21731.369140625
2013-09-02 00:00:00+08:00,22175.33984375
2013-09-03 00:00:00+08:00,22394.580078125
2013-09-04 00:00:00+08:00,22326.220703125
2013-09-05 00:00:00+08:00,22597.970703125
2013-09-06 00:00:00+08:00,22621.220703125
2013-09-09 00:00:00+08:00,22750.650390625
2013-09-10 00:00:00+08:00,22976.650390625
2013-09-11 00:00:00+08:00,22937.140625
2013-09-12 00:00:00+08:00,22953.720703125
2013-09-13 00:00:00+08:00,22915.279296875
2013-09-16 00:00:00+08:00,23252.41015625
2013-09-17 00:00:00+08:00,23180.51953125
2013-09-18 00:00:00+08:00,23117.44921875
2013-09-19 00:00:00+08:00,23502.509765625
2013-09-23 00:00:00+08:00,23371.5390625
2013-09-24 00:00:00+08:00,23179.0390625
2013-09-25 00:00:00+08:00,23209.630859375
2013-09-26 00:00:00+08:00,23125.029296875
2013-09-27 00:00:00+08:00,23207.0390625
2013-09-30 00:00:00+08:00,22859.859375
2013-10-02 00:00:00+08:00,22984.48046875
2013-10-03 00:00:00+08:00,23214.400390625
2013-10-04 00:00:00+08:00,23138.5390625
2013-10-07 00:00:00+08:00,22973.94921875
2013-10-08 00:00:00+08:00,23178.849609375
2013-10-09 00:00:00+08:00,23033.970703125
2013-10-10 00:00:00+08:00,22951.30078125
2013-10-11 00:00:00+08:00,23218.3203125
2013-10-15 00:00:00+08:00,23336.51953125
2013-10-16 00:00:00+08:00,23228.330078125
2013-10-17 00:00:00+08:00,23094.880859375
2013-10-18 00:00:00+08:00,23340.099609375
2013-10-21 00:00:00+08:00,23438.150390625
2013-10-22 00:00:00+08:00,23315.990234375
2013-10-23 00:00:00+08:00,22999.94921875
2013-10-24 00:00:00+08:00,22835.8203125
2013-10-25 00:00:00+08:00,22698.33984375
2013-10-28 00:00:00+08:00,22806.580078125
2013-10-29 00:00:00+08:00,22846.5390625
2013-10-30 00:00:00+08:00,23304.01953125
2013-10-31 00:00:00+08:00,23206.369140625
2013-11-01 00:00:00+08:00,23249.7890625
2013-11-04 00:00:00+08:00,23189.619140625
2013-11-05 00:00:00+08:00,23038.94921875
2013-11-06 00:00:00+08:00,23036.939453125
2013-11-07 00:00:00+08:00,22881.029296875
2013-11-08 00:00:00+08:00,22744.390625
2013-11-11 00:00:00+08:00,23069.849609375
2013-11-12 00:00:00+08:00,22901.41015625
2013-11-13 00:00:00+08:00,22463.830078125
2013-11-14 00:00:00+08:00,22649.150390625
2013-11-15 00:00:00+08:00,23032.150390625
2013-11-18 00:00:00+08:00,23660.060546875
2013-11-19 00:00:00+08:00,23657.810546875
2013-11-20 00:00:00+08:00,23700.859375
2013-11-21 00:00:00+08:00,23580.2890625
2013-11-22 00:00:00+08:00,23696.279296875
2013-11-25 00:00:00+08:00,23684.44921875
2013-11-26 00:00:00+08:00,23681.279296875
2013-11-27 00:00:00+08:00,23806.349609375
2013-11-28 00:00:00+08:00,23789.08984375
2013-11-29 00:00:00+08:00,23881.2890625
2013-12-02 00:00:00+08:00,24038.55078125
2013-12-03 00:00:00+08:00,23910.470703125
2013-12-04 00:00:00+08:00,23728.69921875
2013-12-05 00:00:00+08:00,23712.5703125
2013-12-06 00:00:00+08:00,23743.099609375
2013-12-09 00:00:00+08:00,23811.169921875
2013-12-10 00:00:00+08:00,23744.189453125
2013-12-11 00:00:00+08:00,23338.240234375
2013-12-12 00:00:00+08:00,23218.119140625
2013-12-13 00:00:00+08:00,23245.9609375
2013-12-16 00:00:00+08:00,23114.66015625
2013-12-17 00:00:00+08:00,23069.23046875
2013-12-18 00:00:00+08:00,23143.8203125
2013-12-19 00:00:00+08:00,22888.75
2013-12-20 00:00:00+08:00,22812.1796875
2013-12-23 00:00:00+08:00,22921.560546875
2013-12-24 00:00:00+08:00,23179.55078125
2013-12-27 00:00:00+08:00,23243.240234375
2013-12-30 00:00:00+08:00,23244.869140625
2013-12-31 00:00:00+08:00,23306.390625
2014-01-02 00:00:00+08:00,23340.05078125
2014-01-03 00:00:00+08:00,22817.279296875
2014-01-06 00:00:00+08:00,22684.150390625
2014-01-07 00:00:00+08:00,22712.779296875
2014-01-08 00:00:00+08:00,22996.58984375
2014-01-09 00:00:00+08:00,22787.330078125
2014-01-10 00:00:00+08:00,22846.25
2014-01-13 00:00:00+08:00,22888.759765625
2014-01-14 00:00:00+08:00,22791.279296875
2014-01-15 00:00:00+08:00,22902.0
2014-01-16 00:00:00+08:00,22986.41015625
2014-01-17 00:00:00+08:00,23133.349609375
2014-01-20 00:00:00+08:00,22928.94921875
2014-01-21 00:00:00+08:00,23033.119140625
2014-01-22 00:00:00+08:00,23082.25
2014-01-23 00:00:00+08:00,22733.900390625
2014-01-24 00:00:00+08:00,22450.060546875
2014-01-27 00:00:00+08:00,21976.099609375
2014-01-28 00:00:00+08:00,21960.640625
2014-01-29 00:00:00+08:00,22141.609375
2014-01-30 00:00:00+08:00,22035.419921875
2014-02-04 00:00:00+08:00,21397.76953125
2014-02-05 00:00:00+08:00,21269.380859375
2014-02-06 00:00:00+08:00,21423.130859375
2014-02-07 00:00:00+08:00,21636.849609375
2014-02-10 00:00:00+08:00,21579.259765625
2014-02-11 00:00:00+08:00,21962.98046875
2014-02-12 00:00:00+08:00,22285.7890625
2014-02-13 00:00:00+08:00,22165.529296875
2014-02-14 00:00:00+08:00,22298.41015625
2014-02-17 00:00:00+08:00,22535.939453125
2014-02-18 00:00:00+08:00,22587.720703125
2014-02-19 00:00:00+08:00,22664.51953125
2014-02-20 00:00:00+08:00,22394.080078125
2014-02-21 00:00:00+08:00,22568.240234375
2014-02-24 00:00:00+08:00,22388.560546875
2014-02-25 00:00:00+08:00,22317.19921875
2014-02-26 00:00:00+08:00,22437.439453125
2014-02-27 00:00:00+08:00,22828.1796875
2014-02-28 00:00:00+08:00,22836.9609375
2014-03-03 00:00:00+08:00,22500.669921875
2014-03-04 00:00:00+08:00,22657.630859375
2014-03-05 00:00:00+08:00,22579.779296875
2014-03-06 00:00:00+08:00,22702.970703125
2014-03-07 00:00:00+08:00,22660.490234375
2014-03-10 00:00:00+08:00,22264.9296875
2014-03-11 00:00:00+08:00,22269.609375
2014-03-12 00:00:00+08:00,21901.94921875
2014-03-13 00:00:00+08:00,21756.080078125
2014-03-14 00:00:00+08:00,21539.490234375
2014-03-17 00:00:00+08:00,21473.94921875
2014-03-18 00:00:00+08:00,21583.5
2014-03-19 00:00:00+08:00,21568.689453125
2014-03-20 00:00:00+08:00,21182.16015625
2014-03-21 00:00:00+08:00,21436.69921875
2014-03-24 00:00:00+08:00,21846.44921875
2014-03-25 00:00:00+08:00,21732.3203125
2014-03-26 00:00:00+08:00,21887.75
2014-03-27 00:00:00+08:00,21834.44921875
2014-03-28 00:00:00+08:00,22065.529296875
2014-03-31 00:00:00+08:00,22151.060546875
2014-04-01 00:00:00+08:00,22448.5390625
2014-04-02 00:00:00+08:00,22523.939453125
2014-04-03 00:00:00+08:00,22565.080078125
2014-04-04 00:00:00+08:00,22510.080078125
2014-04-07 00:00:00+08:00,22377.150390625
2014-04-08 00:00:00+08:00,22596.970703125
2014-04-09 00:00:00+08:00,22843.169921875
2014-04-10 00:00:00+08:00,23186.9609375
2014-04-11 00:00:00+08:00,23003.640625
2014-04-14 00:00:00+08:00,23038.80078125
2014-04-15 00:00:00+08:00,22671.259765625
2014-04-16 00:00:00+08:00,22696.009765625
2014-04-17 00:00:00+08:00,22760.240234375
2014-04-22 00:00:00+08:00,22730.6796875
2014-04-23 00:00:00+08:00,22509.640625
2014-04-24 00:00:00+08:00,22562.80078125
2014-04-25 00:00:00+08:00,22223.529296875
2014-04-28 00:00:00+08:00,22132.529296875
2014-04-29 00:00:00+08:00,22453.890625
2014-04-30 00:00:00+08:00,22133.970703125
2014-05-02 00:00:00+08:00,22260.669921875
2014-05-05 00:00:00+08:00,21976.330078125
2014-05-07 00:00:00+08:00,21746.259765625
2014-05-08 00:00:00+08:00,21837.119140625
2014-05-09 00:00:00+08:00,21862.990234375
2014-05-12 00:00:00+08:00,22261.609375
2014-05-13 00:00:00+08:00,22352.380859375
2014-05-14 00:00:00+08:00,22582.76953125
2014-05-15 00:00:00+08:00,22730.859375
2014-05-16 00:00:00+08:00,22712.91015625
2014-05-19 00:00:00+08:00,22704.5
2014-05-20 00:00:00+08:00,22834.6796875
2014-05-21 00:00:00+08:00,22836.51953125
2014-05-22 00:00:00+08:00,22953.759765625
2014-05-23 00:00:00+08:00,22965.859375
2014-05-26 00:00:00+08:00,22963.1796875
2014-05-27 00:00:00+08:00,22944.30078125
2014-05-28 00:00:00+08:00,23080.029296875
2014-05-29 00:00:00+08:00,23010.140625
2014-05-30 00:00:00+08:00,23081.650390625
2014-06-03 00:00:00+08:00,23291.0390625
2014-06-04 00:00:00+08:00,23151.7109375
2014-06-05 00:00:00+08:00,23109.66015625
2014-06-06 00:00:00+08:00,22951.0
2014-06-09 00:00:00+08:00,23117.470703125
2014-06-10 00:00:00+08:00,23315.740234375
2014-06-11 00:00:00+08:00,23257.2890625
2014-06-12 00:00:00+08:00,23175.01953125
2014-06-13 00:00:00+08:00,23319.169921875
2014-06-16 00:00:00+08:00,23300.669921875
2014-06-17 00:00:00+08:00,23203.58984375
2014-06-18 00:00:00+08:00,23181.720703125
2014-06-19 00:00:00+08:00,23167.73046875
2014-06-20 00:00:00+08:00,23194.060546875
2014-06-23 00:00:00+08:00,22804.810546875
2014-06-24 00:00:00+08:00,22880.640625
2014-06-25 00:00:00+08:00,22866.69921875
2014-06-26 00:00:00+08:00,23197.830078125
2014-06-27 00:00:00+08:00,23221.51953125
2014-06-30 00:00:00+08:00,23190.720703125
2014-07-02 00:00:00+08:00,23549.619140625
2014-07-03 00:00:00+08:00,23531.439453125
2014-07-04 00:00:00+08:00,23546.359375
2014-07-07 00:00:00+08:00,23540.919921875
2014-07-08 00:00:00+08:00,23541.380859375
2014-07-09 00:00:00+08:00,23176.0703125
2014-07-10 00:00:00+08:00,23238.990234375
2014-07-11 00:00:00+08:00,23233.44921875
2014-07-14 00:00:00+08:00,23346.669921875
2014-07-15 00:00:00+08:00,23459.9609375
2014-07-16 00:00:00+08:00,23523.279296875
2014-07-17 00:00:00+08:00,23520.869140625
2014-07-18 00:00:00+08:00,23454.7890625
2014-07-21 00:00:00+08:00,23387.140625
2014-07-22 00:00:00+08:00,23782.109375
2014-07-23 00:00:00+08:00,23971.869140625
2014-07-24 00:00:00+08:00,24141.5
2014-07-25 00:00:00+08:00,24216.009765625
2014-07-28 00:00:00+08:00,24428.630859375
2014-07-29 00:00:00+08:00,24640.529296875
2014-07-30 00:00:00+08:00,24732.2109375
2014-07-31 00:00:00+08:00,24756.849609375
2014-08-01 00:00:00+08:00,24532.4296875
2014-08-04 00:00:00+08:00,24600.080078125
2014-08-05 00:00:00+08:00,24648.259765625
2014-08-06 00:00:00+08:00,24584.130859375
2014-08-07 00:00:00+08:00,24387.560546875
2014-08-08 00:00:00+08:00,24331.41015625
2014-08-11 00:00:00+08:00,24646.01953125
2014-08-12 00:00:00+08:00,24689.41015625
2014-08-13 00:00:00+08:00,24890.33984375
2014-08-14 00:00:00+08:00,24801.359375
2014-08-15 00:00:00+08:00,24954.939453125
2014-08-18 00:00:00+08:00,24955.4609375
2014-08-19 00:00:00+08:00,25122.94921875
2014-08-20 00:00:00+08:00,25159.759765625
2014-08-21 00:00:00+08:00,24994.099609375
2014-08-22 00:00:00+08:00,25112.23046875
2014-08-25 00:00:00+08:00,25166.91015625
2014-08-26 00:00:00+08:00,25074.5
2014-08-27 00:00:00+08:00,24918.75
2014-08-28 00:00:00+08:00,24741.0
2014-08-29 00:00:00+08:00,24742.060546875
2014-09-01 00:00:00+08:00,24752.08984375
2014-09-02 00:00:00+08:00,24749.01953125
2014-09-03 00:00:00+08:00,25317.94921875
2014-09-04 00:00:00+08:00,25297.919921875
2014-09-05 00:00:00+08:00,25240.150390625
2014-09-08 00:00:00+08:00,25190.44921875
2014-09-10 00:00:00+08:00,24705.359375
2014-09-11 00:00:00+08:00,24662.640625
2014-09-12 00:00:00+08:00,24595.3203125
2014-09-15 00:00:00+08:00,24356.990234375
2014-09-16 00:00:00+08:00,24136.009765625
2014-09-17 00:00:00+08:00,24376.41015625
2014-09-18 00:00:00+08:00,24168.720703125
2014-09-19 00:00:00+08:00,24306.16015625
2014-09-22 00:00:00+08:00,23955.490234375
2014-09-23 00:00:00+08:00,23837.0703125
2014-09-24 00:00:00+08:00,23921.609375
2014-09-25 00:00:00+08:00,23768.130859375
2014-09-26 00:00:00+08:00,23678.41015625
2014-09-29 00:00:00+08:00,23229.2109375
2014-09-30 00:00:00+08:00,22932.98046875
2014-10-03 00:00:00+08:00,23064.560546875
2014-10-06 00:00:00+08:00,23315.0390625
2014-10-07 00:00:00+08:00,23422.51953125
2014-10-08 00:00:00+08:00,23263.330078125
2014-10-09 00:00:00+08:00,23534.529296875
2014-10-10 00:00:00+08:00,23088.5390625
2014-10-13 00:00:00+08:00,23143.380859375
2014-10-14 00:00:00+08:00,23047.970703125
2014-10-15 00:00:00+08:00,23140.05078125
2014-10-16 00:00:00+08:00,22900.939453125
2014-10-17 00:00:00+08:00,23023.2109375
2014-10-20 00:00:00+08:00,23070.259765625
2014-10-21 00:00:00+08:00,23088.580078125
2014-10-22 00:00:00+08:00,23403.970703125
2014-10-23 00:00:00+08:00,23333.1796875
2014-10-24 00:00:00+08:00,23302.19921875
2014-10-27 00:00:00+08:00,23143.23046875
2014-10-28 00:00:00+08:00,23520.359375
2014-10-29 00:00:00+08:00,23819.869140625
2014-10-30 00:00:00+08:00,23702.0390625
2014-10-31 00:00:00+08:00,23998.060546875
2014-11-03 00:00:00+08:00,23915.970703125
2014-11-04 00:00:00+08:00,23845.66015625
2014-11-05 00:00:00+08:00,23695.619140625
2014-11-06 00:00:00+08:00,23649.310546875
2014-11-07 00:00:00+08:00,23550.240234375
2014-11-10 00:00:00+08:00,23744.69921875
2014-11-11 00:00:00+08:00,23808.279296875
2014-11-12 00:00:00+08:00,23938.1796875
2014-11-13 00:00:00+08:00,24019.939453125
2014-11-14 00:00:00+08:00,24087.380859375
2014-11-17 00:00:00+08:00,23797.080078125
2014-11-18 00:00:00+08:00,23529.169921875
2014-11-19 00:00:00+08:00,23373.310546875
2014-11-20 00:00:00+08:00,23349.640625
2014-11-21 00:00:00+08:00,23437.119140625
2014-11-24 00:00:00+08:00,23893.140625
2014-11-25 00:00:00+08:00,23843.91015625
2014-11-26 00:00:00+08:00,24111.98046875
2014-11-27 00:00:00+08:00,24004.279296875
2014-11-28 00:00:00+08:00,23987.44921875
2014-12-01 00:00:00+08:00,23367.44921875
2014-12-02 00:00:00+08:00,23654.30078125
2014-12-03 00:00:00+08:00,23428.619140625
2014-12-04 00:00:00+08:00,23832.560546875
2014-12-05 00:00:00+08:00,24002.640625
2014-12-08 00:00:00+08:00,24047.669921875
2014-12-09 00:00:00+08:00,23485.830078125
2014-12-10 00:00:00+08:00,23524.51953125
2014-12-11 00:00:00+08:00,23312.5390625
2014-12-12 00:00:00+08:00,23249.19921875
2014-12-15 00:00:00+08:00,23027.849609375
2014-12-16 00:00:00+08:00,22670.5
2014-12-17 00:00:00+08:00,22585.83984375
2014-12-18 00:00:00+08:00,22832.2109375
2014-12-19 00:00:00+08:00,23116.630859375
2014-12-22 00:00:00+08:00,23408.5703125
2014-12-23 00:00:00+08:00,23333.689453125
2014-12-24 00:00:00+08:00,23349.33984375
2014-12-29 00:00:00+08:00,23773.1796875
2014-12-30 00:00:00+08:00,23501.099609375
2014-12-31 00:00:00+08:00,23605.0390625
2015-01-02 00:00:00+08:00,23721.30078125
2015-01-05 00:00:00+08:00,23721.3203125
2015-01-06 00:00:00+08:00,23485.41015625
2015-01-07 00:00:00+08:00,23681.259765625
2015-01-08 00:00:00+08:00,23835.529296875
2015-01-09 00:00:00+08:00,23919.94921875
2015-01-12 00:00:00+08:00,24026.4609375
2015-01-13 00:00:00+08:00,24215.970703125
2015-01-14 00:00:00+08:00,24112.599609375
2015-01-15 00:00:00+08:00,24350.91015625
2015-01-16 00:00:00+08:00,24103.51953125
2015-01-19 00:00:00+08:00,23738.490234375
2015-01-20 00:00:00+08:00,23951.16015625
2015-01-21 00:00:00+08:00,24352.580078125
2015-01-22 00:00:00+08:00,24522.630859375
2015-01-23 00:00:00+08:00,24850.44921875
2015-01-26 00:00:00+08:00,24909.900390625
2015-01-27 00:00:00+08:00,24807.279296875
2015-01-28 00:00:00+08:00,24861.810546875
2015-01-29 00:00:00+08:00,24595.849609375
2015-01-30 00:00:00+08:00,24507.05078125
2015-02-02 00:00:00+08:00,24484.740234375
2015-02-03 00:00:00+08:00,24554.779296875
2015-02-04 00:00:00+08:00,24679.759765625
2015-02-05 00:00:00+08:00,24765.490234375
2015-02-06 00:00:00+08:00,24679.390625
2015-02-09 00:00:00+08:00,24521.0
2015-02-10 00:00:00+08:00,24528.099609375
2015-02-11 00:00:00+08:00,24315.01953125
2015-02-12 00:00:00+08:00,24422.150390625
2015-02-13 00:00:00+08:00,24682.5390625
2015-02-16 00:00:00+08:00,24726.529296875
2015-02-17 00:00:00+08:00,24784.880859375
2015-02-18 00:00:00+08:00,24832.080078125
2015-02-23 00:00:00+08:00,24836.759765625
2015-02-24 00:00:00+08:00,24750.0703125
2015-02-25 00:00:00+08:00,24778.279296875
2015-02-26 00:00:00+08:00,24902.060546875
2015-02-27 00:00:00+08:00,24823.2890625
2015-03-02 00:00:00+08:00,24887.439453125
2015-03-03 00:00:00+08:00,24702.779296875
2015-03-04 00:00:00+08:00,24465.380859375
2015-03-05 00:00:00+08:00,24193.0390625
2015-03-06 00:00:00+08:00,24164.0
2015-03-09 00:00:00+08:00,24123.05078125
2015-03-10 00:00:00+08:00,23896.98046875
2015-03-11 00:00:00+08:00,23717.970703125
2015-03-12 00:00:00+08:00,23797.9609375
2015-03-13 00:00:00+08:00,23823.2109375
2015-03-16 00:00:00+08:00,23949.55078125
2015-03-17 00:00:00+08:00,23901.490234375
2015-03-18 00:00:00+08:00,24120.080078125
2015-03-19 00:00:00+08:00,24468.890625
2015-03-20 00:00:00+08:00,24375.240234375
2015-03-23 00:00:00+08:00,24494.509765625
2015-03-24 00:00:00+08:00,24399.599609375
2015-03-25 00:00:00+08:00,24528.23046875
2015-03-26 00:00:00+08:00,24497.080078125
2015-03-27 00:00:00+08:00,24486.19921875
2015-03-30 00:00:00+08:00,24855.119140625
2015-03-31 00:00:00+08:00,24900.890625
2015-04-01 00:00:00+08:00,25082.75
2015-04-02 00:00:00+08:00,25275.640625
2015-04-08 00:00:00+08:00,26236.859375
2015-04-09 00:00:00+08:00,26944.390625
2015-04-10 00:00:00+08:00,27272.390625
2015-04-13 00:00:00+08:00,28016.33984375
2015-04-14 00:00:00+08:00,27561.490234375
2015-04-15 00:00:00+08:00,27618.8203125
2015-04-16 00:00:00+08:00,27739.7109375
2015-04-17 00:00:00+08:00,27653.119140625
2015-04-20 00:00:00+08:00,27094.9296875
2015-04-21 00:00:00+08:00,27850.490234375
2015-04-22 00:00:00+08:00,27933.849609375
2015-04-23 00:00:00+08:00,27827.69921875
2015-04-24 00:00:00+08:00,28060.98046875
2015-04-27 00:00:00+08:00,28433.58984375
2015-04-28 00:00:00+08:00,28442.75
2015-04-29 00:00:00+08:00,28400.33984375
2015-04-30 00:00:00+08:00,28133.0
2015-05-04 00:00:00+08:00,28123.8203125
2015-05-05 00:00:00+08:00,27755.5390625
2015-05-06 00:00:00+08:00,27640.91015625
2015-05-07 00:00:00+08:00,27289.970703125
2015-05-08 00:00:00+08:00,27577.33984375
2015-05-11 00:00:00+08:00,27718.19921875
2015-05-12 00:00:00+08:00,27407.1796875
2015-05-13 00:00:00+08:00,27249.279296875
2015-05-14 00:00:00+08:00,27286.55078125
2015-05-15 00:00:00+08:00,27822.279296875
2015-05-18 00:00:00+08:00,27591.25
2015-05-19 00:00:00+08:00,27693.5390625
2015-05-20 00:00:00+08:00,27585.05078125
2015-05-21 00:00:00+08:00,27523.720703125
2015-05-22 00:00:00+08:00,27992.830078125
2015-05-26 00:00:00+08:00,28249.859375
2015-05-27 00:00:00+08:00,28081.2109375
2015-05-28 00:00:00+08:00,27454.310546875
2015-05-29 00:00:00+08:00,27424.189453125
2015-06-01 00:00:00+08:00,27597.16015625
2015-06-02 00:00:00+08:00,27466.720703125
2015-06-03 00:00:00+08:00,27657.470703125
2015-06-04 00:00:00+08:00,27551.890625
2015-06-05 00:00:00+08:00,27260.16015625
2015-06-08 00:00:00+08:00,27316.279296875
2015-06-09 00:00:00+08:00,26989.51953125
2015-06-10 00:00:00+08:00,26687.640625
2015-06-11 00:00:00+08:00,26907.849609375
2015-06-12 00:00:00+08:00,27280.5390625
2015-06-15 00:00:00+08:00,26861.810546875
2015-06-16 00:00:00+08:00,26566.69921875
2015-06-17 00:00:00+08:00,26753.7890625
2015-06-18 00:00:00+08:00,26694.66015625
2015-06-19 00:00:00+08:00,26760.529296875
2015-06-22 00:00:00+08:00,27080.849609375
2015-06-23 00:00:00+08:00,27333.4609375
2015-06-24 00:00:00+08:00,27404.970703125
2015-06-25 00:00:00+08:00,27145.75
2015-06-26 00:00:00+08:00,26663.869140625
2015-06-29 00:00:00+08:00,25966.98046875
2015-06-30 00:00:00+08:00,26250.029296875
2015-07-02 00:00:00+08:00,26282.3203125
2015-07-03 00:00:00+08:00,26064.109375
2015-07-06 00:00:00+08:00,25236.279296875
2015-07-07 00:00:00+08:00,24975.310546875
2015-07-08 00:00:00+08:00,23516.560546875
2015-07-09 00:00:00+08:00,24392.7890625
2015-07-10 00:00:00+08:00,24901.279296875
2015-07-13 00:00:00+08:00,25224.009765625
2015-07-14 00:00:00+08:00,25120.91015625
2015-07-15 00:00:00+08:00,25055.759765625
2015-07-16 00:00:00+08:00,25162.779296875
2015-07-17 00:00:00+08:00,25415.26953125
2015-07-20 00:00:00+08:00,25404.810546875
2015-07-21 00:00:00+08:00,25536.4296875
2015-07-22 00:00:00+08:00,25282.619140625
2015-07-23 00:00:00+08:00,25398.849609375
2015-07-24 00:00:00+08:00,25128.509765625
2015-07-27 00:00:00+08:00,24351.9609375
2015-07-28 00:00:00+08:00,24503.939453125
2015-07-29 00:00:00+08:00,24619.44921875
2015-07-30 00:00:00+08:00,24497.98046875
2015-07-31 00:00:00+08:00,24636.279296875
2015-08-03 00:00:00+08:00,24411.419921875
2015-08-04 00:00:00+08:00,24406.119140625
2015-08-05 00:00:00+08:00,24514.16015625
2015-08-06 00:00:00+08:00,24375.279296875
2015-08-07 00:00:00+08:00,24552.470703125
2015-08-10 00:00:00+08:00,24521.119140625
2015-08-11 00:00:00+08:00,24498.2109375
2015-08-12 00:00:00+08:00,23916.01953125
2015-08-13 00:00:00+08:00,24018.80078125
2015-08-14 00:00:00+08:00,23991.029296875
2015-08-17 00:00:00+08:00,23814.650390625
2015-08-18 00:00:00+08:00,23474.970703125
2015-08-19 00:00:00+08:00,23167.849609375
2015-08-20 00:00:00+08:00,22757.470703125
2015-08-21 00:00:00+08:00,22409.619140625
2015-08-24 00:00:00+08:00,21251.5703125
2015-08-25 00:00:00+08:00,21404.9609375
2015-08-26 00:00:00+08:00,21080.390625
2015-08-27 00:00:00+08:00,21838.5390625
2015-08-28 00:00:00+08:00,21612.390625
2015-08-31 00:00:00+08:00,21670.580078125
2015-09-01 00:00:00+08:00,21185.4296875
2015-09-02 00:00:00+08:00,20934.939453125
2015-09-04 00:00:00+08:00,20840.609375
2015-09-07 00:00:00+08:00,20583.51953125
2015-09-08 00:00:00+08:00,21259.0390625
2015-09-09 00:00:00+08:00,22131.310546875
2015-09-10 00:00:00+08:00,21562.5
2015-09-11 00:00:00+08:00,21504.369140625
2015-09-14 00:00:00+08:00,21561.900390625
2015-09-15 00:00:00+08:00,21455.23046875
2015-09-16 00:00:00+08:00,21966.66015625
2015-09-17 00:00:00+08:00,21854.630859375
2015-09-18 00:00:00+08:00,21920.830078125
2015-09-21 00:00:00+08:00,21756.9296875
2015-09-22 00:00:00+08:00,21796.580078125
2015-09-23 00:00:00+08:00,21302.91015625
2015-09-24 00:00:00+08:00,21095.98046875
2015-09-25 00:00:00+08:00,21186.3203125
2015-09-29 00:00:00+08:00,20556.599609375
2015-09-30 00:00:00+08:00,20846.30078125
2015-10-02 00:00:00+08:00,21506.08984375
2015-10-05 00:00:00+08:00,21854.5
2015-10-06 00:00:00+08:00,21831.619140625
2015-10-07 00:00:00+08:00,22515.759765625
2015-10-08 00:00:00+08:00,22354.91015625
2015-10-09 00:00:00+08:00,22458.80078125
2015-10-12 00:00:00+08:00,22730.9296875
2015-10-13 00:00:00+08:00,22600.4609375
2015-10-14 00:00:00+08:00,22439.91015625
2015-10-15 00:00:00+08:00,22888.169921875
2015-10-16 00:00:00+08:00,23067.369140625
2015-10-19 00:00:00+08:00,23075.609375
2015-10-20 00:00:00+08:00,22989.220703125
2015-10-22 00:00:00+08:00,22845.369140625
2015-10-23 00:00:00+08:00,23151.939453125
2015-10-26 00:00:00+08:00,23116.25
2015-10-27 00:00:00+08:00,23142.73046875
2015-10-28 00:00:00+08:00,22956.5703125
2015-10-29 00:00:00+08:00,22819.939453125
2015-10-30 00:00:00+08:00,22640.0390625
2015-11-02 00:00:00+08:00,22370.0390625
2015-11-03 00:00:00+08:00,22568.4296875
2015-11-04 00:00:00+08:00,23053.5703125
2015-11-05 00:00:00+08:00,23051.0390625
2015-11-06 00:00:00+08:00,22867.330078125
2015-11-09 00:00:00+08:00,22726.76953125
2015-11-10 00:00:00+08:00,22401.69921875
2015-11-11 00:00:00+08:00,22352.169921875
2015-11-12 00:00:00+08:00,22888.919921875
2015-11-13 00:00:00+08:00,22396.140625
2015-11-16 00:00:00+08:00,22010.8203125
2015-11-17 00:00:00+08:00,22264.25
2015-11-18 00:00:00+08:00,22188.259765625
2015-11-19 00:00:00+08:00,22500.220703125
2015-11-20 00:00:00+08:00,22754.720703125
2015-11-23 00:00:00+08:00,22665.900390625
2015-11-24 00:00:00+08:00,22587.630859375
2015-11-25 00:00:00+08:00,22498.0
2015-11-26 00:00:00+08:00,22488.939453125
2015-11-27 00:00:00+08:00,22068.3203125
2015-11-30 00:00:00+08:00,21996.419921875
2015-12-01 00:00:00+08:00,22381.349609375
2015-12-02 00:00:00+08:00,22479.689453125
2015-12-03 00:00:00+08:00,22417.009765625
2015-12-04 00:00:00+08:00,22235.890625
2015-12-07 00:00:00+08:00,22203.220703125
2015-12-08 00:00:00+08:00,21905.130859375
2015-12-09 00:00:00+08:00,21803.759765625
2015-12-10 00:00:00+08:00,21704.609375
2015-12-11 00:00:00+08:00,21464.05078125
2015-12-14 00:00:00+08:00,21309.849609375
2015-12-15 00:00:00+08:00,21274.369140625
2015-12-16 00:00:00+08:00,21701.2109375
2015-12-17 00:00:00+08:00,21872.060546875
2015-12-18 00:00:00+08:00,21755.560546875
2015-12-21 00:00:00+08:00,21791.6796875
2015-12-22 00:00:00+08:00,21830.01953125
2015-12-23 00:00:00+08:00,22040.58984375
2015-12-24 00:00:00+08:00,22138.130859375
2015-12-28 00:00:00+08:00,21919.619140625
2015-12-29 00:00:00+08:00,21999.619140625
2015-12-30 00:00:00+08:00,21882.150390625
2015-12-31 00:00:00+08:00,21914.400390625
2016-01-04 00:00:00+08:00,21327.119140625
2016-01-05 00:00:00+08:00,21188.720703125
2016-01-06 00:00:00+08:00,20980.810546875
2016-01-07 00:00:00+08:00,20333.33984375
2016-01-08 00:00:00+08:00,20453.7109375
2016-01-11 00:00:00+08:00,19888.5
2016-01-12 00:00:00+08:00,19711.759765625
2016-01-13 00:00:00+08:00,19934.880859375
2016-01-14 00:00:00+08:00,19817.41015625
2016-01-15 00:00:00+08:00,19520.76953125
2016-01-18 00:00:00+08:00,19237.44921875
2016-01-19 00:00:00+08:00,19635.810546875
2016-01-20 00:00:00+08:00,18886.30078125
2016-01-21 00:00:00+08:00,18542.150390625
2016-01-22 00:00:00+08:00,19080.509765625
2016-01-25 00:00:00+08:00,19340.140625
2016-01-26 00:00:00+08:00,18860.80078125
2016-01-27 00:00:00+08:00,19052.44921875
2016-01-28 00:00:00+08:00,19195.830078125
2016-01-29 00:00:00+08:00,19683.109375
2016-02-01 00:00:00+08:00,19595.5
2016-02-02 00:00:00+08:00,19446.83984375
2016-02-03 00:00:00+08:00,18991.58984375
2016-02-04 00:00:00+08:00,19183.08984375
2016-02-05 00:00:00+08:00,19288.169921875
2016-02-11 00:00:00+08:00,18545.80078125
2016-02-12 00:00:00+08:00,18319.580078125
2016-02-15 00:00:00+08:00,18918.140625
2016-02-16 00:00:00+08:00,19122.080078125
2016-02-17 00:00:00+08:00,18924.5703125
2016-02-18 00:00:00+08:00,19363.080078125
2016-02-19 00:00:00+08:00,19285.5
2016-02-22 00:00:00+08:00,19464.08984375
2016-02-23 00:00:00+08:00,19414.779296875
2016-02-24 00:00:00+08:00,19192.44921875
2016-02-25 00:00:00+08:00,18888.75
2016-02-26 00:00:00+08:00,19364.150390625
2016-02-29 00:00:00+08:00,19111.9296875
2016-03-01 00:00:00+08:00,19407.4609375
2016-03-02 00:00:00+08:00,20003.490234375
2016-03-03 00:00:00+08:00,19941.759765625
2016-03-04 00:00:00+08:00,20176.69921875
2016-03-07 00:00:00+08:00,20159.720703125
2016-03-08 00:00:00+08:00,20011.580078125
2016-03-09 00:00:00+08:00,19996.259765625
2016-03-10 00:00:00+08:00,19984.419921875
2016-03-11 00:00:00+08:00,20199.599609375
2016-03-14 00:00:00+08:00,20435.33984375
2016-03-15 00:00:00+08:00,20288.76953125
2016-03-16 00:00:00+08:00,20257.69921875
2016-03-17 00:00:00+08:00,20503.810546875
2016-03-18 00:00:00+08:00,20671.630859375
2016-03-21 00:00:00+08:00,20684.150390625
2016-03-22 00:00:00+08:00,20666.75
2016-03-23 00:00:00+08:00,20615.23046875
2016-03-24 00:00:00+08:00,20345.609375
2016-03-29 00:00:00+08:00,20366.30078125
2016-03-30 00:00:00+08:00,20803.390625
2016-03-31 00:00:00+08:00,20776.69921875
2016-04-01 00:00:00+08:00,20498.919921875
2016-04-05 00:00:00+08:00,20177.0
2016-04-06 00:00:00+08:00,20206.669921875
2016-04-07 00:00:00+08:00,20266.05078125
2016-04-08 00:00:00+08:00,20370.400390625
2016-04-11 00:00:00+08:00,20440.810546875
2016-04-12 00:00:00+08:00,20504.439453125
2016-04-13 00:00:00+08:00,21158.7109375
2016-04-14 00:00:00+08:00,21337.810546875
2016-04-15 00:00:00+08:00,21316.470703125
2016-04-18 00:00:00+08:00,21161.5
2016-04-19 00:00:00+08:00,21436.2109375
2016-04-20 00:00:00+08:00,21236.310546875
2016-04-21 00:00:00+08:00,21622.25
2016-04-22 00:00:00+08:00,21467.0390625
2016-04-25 00:00:00+08:00,21304.439453125
2016-04-26 00:00:00+08:00,21407.26953125
2016-04-27 00:00:00+08:00,21361.599609375
2016-04-28 00:00:00+08:00,21388.029296875
2016-04-29 00:00:00+08:00,21067.05078125
2016-05-03 00:00:00+08:00,20676.939453125
2016-05-04 00:00:00+08:00,20525.830078125
2016-05-05 00:00:00+08:00,20449.8203125
2016-05-06 00:00:00+08:00,20109.869140625
2016-05-09 00:00:00+08:00,20156.810546875
2016-05-10 00:00:00+08:00,20242.6796875
2016-05-11 00:00:00+08:00,20055.2890625
2016-05-12 00:00:00+08:00,19915.4609375
2016-05-13 00:00:00+08:00,19719.2890625
2016-05-16 00:00:00+08:00,19883.94921875
2016-05-17 00:00:00+08:00,20118.80078125
2016-05-18 00:00:00+08:00,19826.41015625
2016-05-19 00:00:00+08:00,19694.330078125
2016-05-20 00:00:00+08:00,19852.19921875
2016-05-23 00:00:00+08:00,19809.029296875
2016-05-24 00:00:00+08:00,19830.4296875
2016-05-25 00:00:00+08:00,20368.05078125
2016-05-26 00:00:00+08:00,20397.109375
2016-05-27 00:00:00+08:00,20576.76953125
2016-05-30 00:00:00+08:00,20629.390625
2016-05-31 00:00:00+08:00,20815.08984375
2016-06-01 00:00:00+08:00,20760.98046875
2016-06-02 00:00:00+08:00,20859.220703125
2016-06-03 00:00:00+08:00,20947.240234375
2016-06-06 00:00:00+08:00,21030.220703125
2016-06-07 00:00:00+08:00,21328.240234375
2016-06-08 00:00:00+08:00,21297.880859375
2016-06-10 00:00:00+08:00,21042.640625
2016-06-13 00:00:00+08:00,20512.990234375
2016-06-14 00:00:00+08:00,20387.529296875
2016-06-15 00:00:00+08:00,20467.51953125
2016-06-16 00:00:00+08:00,20038.419921875
2016-06-17 00:00:00+08:00,20169.98046875
2016-06-20 00:00:00+08:00,20510.19921875
2016-06-21 00:00:00+08:00,20668.439453125
2016-06-22 00:00:00+08:00,20795.119140625
2016-06-23 00:00:00+08:00,20868.33984375
2016-06-24 00:00:00+08:00,20259.130859375
2016-06-27 00:00:00+08:00,20227.30078125
2016-06-28 00:00:00+08:00,20172.4609375
2016-06-29 00:00:00+08:00,20436.119140625
2016-06-30 00:00:00+08:00,20794.369140625
2016-07-04 00:00:00+08:00,21059.19921875
2016-07-05 00:00:00+08:00,20750.720703125
2016-07-06 00:00:00+08:00,20495.2890625
2016-07-07 00:00:00+08:00,20706.919921875
2016-07-08 00:00:00+08:00,20564.169921875
2016-07-11 00:00:00+08:00,20880.5
2016-07-12 00:00:00+08:00,21224.740234375
2016-07-13 00:00:00+08:00,21322.369140625
2016-07-14 00:00:00+08:00,21561.060546875
2016-07-15 00:00:00+08:00,21659.25
2016-07-18 00:00:00+08:00,21803.1796875
2016-07-19 00:00:00+08:00,21673.19921875
2016-07-20 00:00:00+08:00,21882.48046875
2016-07-21 00:00:00+08:00,22000.490234375
2016-07-22 00:00:00+08:00,21964.26953125
2016-07-25 00:00:00+08:00,21993.439453125
2016-07-26 00:00:00+08:00,22129.73046875
2016-07-27 00:00:00+08:00,22218.990234375
2016-07-28 00:00:00+08:00,22174.33984375
2016-07-29 00:00:00+08:00,21891.369140625
2016-08-01 00:00:00+08:00,22129.140625
2016-08-03 00:00:00+08:00,21739.119140625
2016-08-04 00:00:00+08:00,21832.23046875
2016-08-05 00:00:00+08:00,22146.08984375
2016-08-08 00:00:00+08:00,22494.759765625
2016-08-09 00:00:00+08:00,22465.609375
2016-08-10 00:00:00+08:00,22492.4296875
2016-08-11 00:00:00+08:00,22580.55078125
2016-08-12 00:00:00+08:00,22766.91015625
2016-08-15 00:00:00+08:00,22932.509765625
2016-08-16 00:00:00+08:00,22910.83984375
2016-08-17 00:00:00+08:00,22799.779296875
2016-08-18 00:00:00+08:00,23023.16015625
2016-08-19 00:00:00+08:00,22937.220703125
2016-08-22 00:00:00+08:00,22997.91015625
2016-08-23 00:00:00+08:00,22998.9296875
2016-08-24 00:00:00+08:00,22820.779296875
2016-08-25 00:00:00+08:00,22814.94921875
2016-08-26 00:00:00+08:00,22909.5390625
2016-08-29 00:00:00+08:00,22821.33984375
2016-08-30 00:00:00+08:00,23016.109375
2016-08-31 00:00:00+08:00,22976.880859375
2016-09-01 00:00:00+08:00,23162.33984375
2016-09-02 00:00:00+08:00,23266.69921875
2016-09-05 00:00:00+08:00,23649.55078125
2016-09-06 00:00:00+08:00,23787.6796875
2016-09-07 00:00:00+08:00,23741.810546875
2016-09-08 00:00:00+08:00,23919.33984375
2016-09-09 00:00:00+08:00,24099.69921875
2016-09-12 00:00:00+08:00,23290.599609375
2016-09-13 00:00:00+08:00,23215.759765625
2016-09-14 00:00:00+08:00,23190.640625
2016-09-15 00:00:00+08:00,23335.58984375
2016-09-19 00:00:00+08:00,23550.44921875
2016-09-20 00:00:00+08:00,23530.859375
2016-09-21 00:00:00+08:00,23669.900390625
2016-09-22 00:00:00+08:00,23759.80078125
2016-09-23 00:00:00+08:00,23686.48046875
2016-09-26 00:00:00+08:00,23317.919921875
2016-09-27 00:00:00+08:00,23571.900390625
2016-09-28 00:00:00+08:00,23619.650390625
2016-09-29 00:00:00+08:00,23739.470703125
2016-09-30 00:00:00+08:00,23297.150390625
2016-10-03 00:00:00+08:00,23584.4296875
2016-10-04 00:00:00+08:00,23689.439453125
2016-10-05 00:00:00+08:00,23788.310546875
2016-10-06 00:00:00+08:00,23952.5
2016-10-07 00:00:00+08:00,23851.8203125
2016-10-11 00:00:00+08:00,23549.51953125
2016-10-12 00:00:00+08:00,23407.05078125
2016-10-13 00:00:00+08:00,23031.30078125
2016-10-14 00:00:00+08:00,23233.310546875
2016-10-17 00:00:00+08:00,23037.5390625
2016-10-18 00:00:00+08:00,23394.390625
2016-10-19 00:00:00+08:00,23304.970703125
2016-10-20 00:00:00+08:00,23374.400390625
2016-10-24 00:00:00+08:00,23604.080078125
2016-10-25 00:00:00+08:00,23565.109375
2016-10-26 00:00:00+08:00,23325.4296875
2016-10-27 00:00:00+08:00,23132.349609375
2016-10-28 00:00:00+08:00,22954.810546875
2016-10-31 00:00:00+08:00,22934.5390625
2016-11-01 00:00:00+08:00,23147.0703125
2016-11-02 00:00:00+08:00,22810.5
2016-11-03 00:00:00+08:00,22683.509765625
2016-11-04 00:00:00+08:00,22642.619140625
2016-11-07 00:00:00+08:00,22801.400390625
2016-11-08 00:00:00+08:00,22909.470703125
2016-11-09 00:00:00+08:00,22415.189453125
2016-11-10 00:00:00+08:00,22839.109375
2016-11-11 00:00:00+08:00,22531.08984375
2016-11-14 00:00:00+08:00,22222.220703125
2016-11-15 00:00:00+08:00,22323.91015625
2016-11-16 00:00:00+08:00,22280.529296875
2016-11-17 00:00:00+08:00,22262.880859375
2016-11-18 00:00:00+08:00,22344.2109375
2016-11-21 00:00:00+08:00,22357.779296875
2016-11-22 00:00:00+08:00,22678.0703125
2016-11-23 00:00:00+08:00,22676.689453125
2016-11-24 00:00:00+08:00,22608.490234375
2016-11-25 00:00:00+08:00,22723.44921875
2016-11-28 00:00:00+08:00,22830.5703125
2016-11-29 00:00:00+08:00,22737.0703125
2016-11-30 00:00:00+08:00,22789.76953125
2016-12-01 00:00:00+08:00,22878.23046875
2016-12-02 00:00:00+08:00,22564.8203125
2016-12-05 00:00:00+08:00,22505.55078125
2016-12-06 00:00:00+08:00,22675.150390625
2016-12-07 00:00:00+08:00,22800.919921875
2016-12-08 00:00:00+08:00,22861.83984375
2016-12-09 00:00:00+08:00,22760.98046875
2016-12-12 00:00:00+08:00,22433.01953125
2016-12-13 00:00:00+08:00,22446.69921875
2016-12-14 00:00:00+08:00,22456.619140625
2016-12-15 00:00:00+08:00,22059.400390625
2016-12-16 00:00:00+08:00,22020.75
2016-12-19 00:00:00+08:00,21832.6796875
2016-12-20 00:00:00+08:00,21729.060546875
2016-12-21 00:00:00+08:00,21809.80078125
2016-12-22 00:00:00+08:00,21636.19921875
2016-12-23 00:00:00+08:00,21574.759765625
2016-12-28 00:00:00+08:00,21754.740234375
2016-12-29 00:00:00+08:00,21790.91015625
2016-12-30 00:00:00+08:00,22000.560546875
2017-01-03 00:00:00+08:00,22150.400390625
2017-01-04 00:00:00+08:00,22134.470703125
2017-01-05 00:00:00+08:00,22456.689453125
2017-01-06 00:00:00+08:00,22503.009765625
2017-01-09 00:00:00+08:00,22558.689453125
2017-01-10 00:00:00+08:00,22744.849609375
2017-01-11 00:00:00+08:00,22935.349609375
2017-01-12 00:00:00+08:00,22829.01953125
2017-01-13 00:00:00+08:00,22937.380859375
2017-01-16 00:00:00+08:00,22718.150390625
2017-01-17 00:00:00+08:00,22840.970703125
2017-01-18 00:00:00+08:00,23098.259765625
2017-01-19 00:00:00+08:00,23049.9609375
2017-01-20 00:00:00+08:00,22885.91015625
2017-01-23 00:00:00+08:00,22898.51953125
2017-01-24 00:00:00+08:00,22949.859375
2017-01-25 00:00:00+08:00,23049.119140625
2017-01-26 00:00:00+08:00,23374.169921875
2017-01-27 00:00:00+08:00,23360.779296875
2017-02-01 00:00:00+08:00,23318.390625
2017-02-02 00:00:00+08:00,23184.51953125
2017-02-03 00:00:00+08:00,23129.2109375
2017-02-06 00:00:00+08:00,23348.240234375
2017-02-07 00:00:00+08:00,23331.5703125
2017-02-08 00:00:00+08:00,23485.130859375
2017-02-09 00:00:00+08:00,23525.140625
2017-02-10 00:00:00+08:00,23574.98046875
2017-02-13 00:00:00+08:00,23710.98046875
2017-02-14 00:00:00+08:00,23703.009765625
2017-02-15 00:00:00+08:00,23994.869140625
2017-02-16 00:00:00+08:00,24107.69921875
2017-02-17 00:00:00+08:00,24033.740234375
2017-02-20 00:00:00+08:00,24146.080078125
2017-02-21 00:00:00+08:00,23963.630859375
2017-02-22 00:00:00+08:00,24201.9609375
2017-02-23 00:00:00+08:00,24114.859375
2017-02-24 00:00:00+08:00,23965.69921875
2017-02-27 00:00:00+08:00,23925.05078125
2017-02-28 00:00:00+08:00,23740.73046875
2017-03-01 00:00:00+08:00,23776.490234375
2017-03-02 00:00:00+08:00,23728.0703125
2017-03-03 00:00:00+08:00,23552.720703125
2017-03-06 00:00:00+08:00,23596.279296875
2017-03-07 00:00:00+08:00,23681.0703125
2017-03-08 00:00:00+08:00,23782.26953125
2017-03-09 00:00:00+08:00,23501.560546875
2017-03-10 00:00:00+08:00,23568.669921875
2017-03-13 00:00:00+08:00,23829.669921875
2017-03-14 00:00:00+08:00,23827.94921875
2017-03-15 00:00:00+08:00,23792.849609375
2017-03-16 00:00:00+08:00,24288.279296875
2017-03-17 00:00:00+08:00,24309.9296875
2017-03-20 00:00:00+08:00,24501.990234375
2017-03-21 00:00:00+08:00,24593.119140625
2017-03-22 00:00:00+08:00,24320.41015625
2017-03-23 00:00:00+08:00,24327.69921875
2017-03-24 00:00:00+08:00,24358.26953125
2017-03-27 00:00:00+08:00,24193.69921875
2017-03-28 00:00:00+08:00,24345.869140625
2017-03-29 00:00:00+08:00,24392.05078125
2017-03-30 00:00:00+08:00,24301.08984375
2017-03-31 00:00:00+08:00,24111.58984375
2017-04-03 00:00:00+08:00,24261.48046875
2017-04-05 00:00:00+08:00,24400.80078125
2017-04-06 00:00:00+08:00,24273.720703125
2017-04-07 00:00:00+08:00,24267.30078125
2017-04-10 00:00:00+08:00,24262.1796875
2017-04-11 00:00:00+08:00,24088.4609375
2017-04-12 00:00:00+08:00,24313.5
2017-04-13 00:00:00+08:00,24261.66015625
2017-04-18 00:00:00+08:00,23924.5390625
2017-04-19 00:00:00+08:00,23825.880859375
2017-04-20 00:00:00+08:00,24056.98046875
2017-04-21 00:00:00+08:00,24042.01953125
2017-04-24 00:00:00+08:00,24139.48046875
2017-04-25 00:00:00+08:00,24455.939453125
2017-04-26 00:00:00+08:00,24578.4296875
2017-04-27 00:00:00+08:00,24698.48046875
2017-04-28 00:00:00+08:00,24615.130859375
2017-05-02 00:00:00+08:00,24696.130859375
2017-05-04 00:00:00+08:00,24683.880859375
2017-05-05 00:00:00+08:00,24476.349609375
2017-05-08 00:00:00+08:00,24577.91015625
2017-05-09 00:00:00+08:00,24889.029296875
2017-05-10 00:00:00+08:00,25015.419921875
2017-05-11 00:00:00+08:00,25125.55078125
2017-05-12 00:00:00+08:00,25156.33984375
2017-05-15 00:00:00+08:00,25371.58984375
2017-05-16 00:00:00+08:00,25335.939453125
2017-05-17 00:00:00+08:00,25293.630859375
2017-05-18 00:00:00+08:00,25136.51953125
2017-05-19 00:00:00+08:00,25174.869140625
2017-05-22 00:00:00+08:00,25391.33984375
2017-05-23 00:00:00+08:00,25403.150390625
2017-05-24 00:00:00+08:00,25428.5
2017-05-25 00:00:00+08:00,25630.779296875
2017-05-26 00:00:00+08:00,25639.26953125
2017-05-29 00:00:00+08:00,25701.630859375
2017-05-31 00:00:00+08:00,25660.650390625
2017-06-01 00:00:00+08:00,25809.220703125
2017-06-02 00:00:00+08:00,25924.05078125
2017-06-05 00:00:00+08:00,25862.990234375
2017-06-06 00:00:00+08:00,25997.140625
2017-06-07 00:00:00+08:00,25974.16015625
2017-06-08 00:00:00+08:00,26063.060546875
2017-06-09 00:00:00+08:00,26030.2890625
2017-06-12 00:00:00+08:00,25708.0390625
2017-06-13 00:00:00+08:00,25852.099609375
2017-06-14 00:00:00+08:00,25875.900390625
2017-06-15 00:00:00+08:00,25565.33984375
2017-06-16 00:00:00+08:00,25626.490234375
2017-06-19 00:00:00+08:00,25924.55078125
2017-06-20 00:00:00+08:00,25843.0390625
2017-06-21 00:00:00+08:00,25694.580078125
2017-06-22 00:00:00+08:00,25674.529296875
2017-06-23 00:00:00+08:00,25670.05078125
2017-06-26 00:00:00+08:00,25871.890625
2017-06-27 00:00:00+08:00,25839.990234375
2017-06-28 00:00:00+08:00,25683.5
2017-06-29 00:00:00+08:00,25965.419921875
2017-06-30 00:00:00+08:00,25764.580078125
2017-07-03 00:00:00+08:00,25784.169921875
2017-07-04 00:00:00+08:00,25389.009765625
2017-07-05 00:00:00+08:00,25521.970703125
2017-07-06 00:00:00+08:00,25465.220703125
2017-07-07 00:00:00+08:00,25340.849609375
2017-07-10 00:00:00+08:00,25500.060546875
2017-07-11 00:00:00+08:00,25877.640625
2017-07-12 00:00:00+08:00,26043.640625
2017-07-13 00:00:00+08:00,26346.169921875
2017-07-14 00:00:00+08:00,26389.23046875
2017-07-17 00:00:00+08:00,26470.580078125
2017-07-18 00:00:00+08:00,26524.939453125
2017-07-19 00:00:00+08:00,26672.16015625
2017-07-20 00:00:00+08:00,26740.2109375
2017-07-21 00:00:00+08:00,26706.08984375
2017-07-24 00:00:00+08:00,26846.830078125
2017-07-25 00:00:00+08:00,26852.05078125
2017-07-26 00:00:00+08:00,26941.01953125
2017-07-27 00:00:00+08:00,27131.169921875
2017-07-28 00:00:00+08:00,26979.390625
2017-07-31 00:00:00+08:00,27323.990234375
2017-08-01 00:00:00+08:00,27540.23046875
2017-08-02 00:00:00+08:00,27607.380859375
2017-08-03 00:00:00+08:00,27531.009765625
2017-08-04 00:00:00+08:00,27562.6796875
2017-08-07 00:00:00+08:00,27690.359375
2017-08-08 00:00:00+08:00,27854.91015625
2017-08-09 00:00:00+08:00,27757.08984375
2017-08-10 00:00:00+08:00,27444.0
2017-08-11 00:00:00+08:00,26883.509765625
2017-08-14 00:00:00+08:00,27250.23046875
2017-08-15 00:00:00+08:00,27174.9609375
2017-08-16 00:00:00+08:00,27409.0703125
2017-08-17 00:00:00+08:00,27344.220703125
2017-08-18 00:00:00+08:00,27047.5703125
2017-08-21 00:00:00+08:00,27154.6796875
2017-08-22 00:00:00+08:00,27401.669921875
2017-08-24 00:00:00+08:00,27518.599609375
2017-08-25 00:00:00+08:00,27848.16015625
2017-08-28 00:00:00+08:00,27863.2890625
2017-08-29 00:00:00+08:00,27765.009765625
2017-08-30 00:00:00+08:00,28094.609375
2017-08-31 00:00:00+08:00,27970.30078125
2017-09-01 00:00:00+08:00,27953.16015625
2017-09-04 00:00:00+08:00,27740.259765625
2017-09-05 00:00:00+08:00,27741.349609375
2017-09-06 00:00:00+08:00,27613.759765625
2017-09-07 00:00:00+08:00,27522.919921875
2017-09-08 00:00:00+08:00,27668.470703125
2017-09-11 00:00:00+08:00,27955.130859375
2017-09-12 00:00:00+08:00,27972.240234375
2017-09-13 00:00:00+08:00,27894.080078125
2017-09-14 00:00:00+08:00,27777.19921875
2017-09-15 00:00:00+08:00,27807.58984375
2017-09-18 00:00:00+08:00,28159.76953125
2017-09-19 00:00:00+08:00,28051.41015625
2017-09-20 00:00:00+08:00,28127.80078125
2017-09-21 00:00:00+08:00,28110.330078125
2017-09-22 00:00:00+08:00,27880.529296875
2017-09-25 00:00:00+08:00,27500.33984375
2017-09-26 00:00:00+08:00,27513.009765625
2017-09-27 00:00:00+08:00,27642.4296875
2017-09-28 00:00:00+08:00,27421.599609375
2017-09-29 00:00:00+08:00,27554.30078125
2017-10-03 00:00:00+08:00,28173.2109375
2017-10-04 00:00:00+08:00,28379.1796875
2017-10-06 00:00:00+08:00,28458.0390625
2017-10-09 00:00:00+08:00,28326.58984375
2017-10-10 00:00:00+08:00,28490.830078125
2017-10-11 00:00:00+08:00,28389.5703125
2017-10-12 00:00:00+08:00,28459.029296875
2017-10-13 00:00:00+08:00,28476.4296875
2017-10-16 00:00:00+08:00,28692.80078125
2017-10-17 00:00:00+08:00,28697.490234375
2017-10-18 00:00:00+08:00,28711.759765625
2017-10-19 00:00:00+08:00,28159.08984375
2017-10-20 00:00:00+08:00,28487.240234375
2017-10-23 00:00:00+08:00,28305.880859375
2017-10-24 00:00:00+08:00,28154.970703125
2017-10-25 00:00:00+08:00,28302.890625
2017-10-26 00:00:00+08:00,28202.380859375
2017-10-27 00:00:00+08:00,28438.849609375
2017-10-30 00:00:00+08:00,28336.189453125
2017-10-31 00:00:00+08:00,28245.5390625
2017-11-01 00:00:00+08:00,28594.060546875
2017-11-02 00:00:00+08:00,28518.640625
2017-11-03 00:00:00+08:00,28603.609375
2017-11-06 00:00:00+08:00,28596.80078125
2017-11-07 00:00:00+08:00,28994.33984375
2017-11-08 00:00:00+08:00,28907.599609375
2017-11-09 00:00:00+08:00,29136.5703125
2017-11-10 00:00:00+08:00,29120.919921875
2017-11-13 00:00:00+08:00,29182.1796875
2017-11-14 00:00:00+08:00,29152.119140625
2017-11-15 00:00:00+08:00,28851.689453125
2017-11-16 00:00:00+08:00,29018.759765625
2017-11-17 00:00:00+08:00,29199.0390625
2017-11-20 00:00:00+08:00,29260.310546875
2017-11-21 00:00:00+08:00,29818.0703125
2017-11-22 00:00:00+08:00,30003.490234375
2017-11-23 00:00:00+08:00,29707.939453125
2017-11-24 00:00:00+08:00,29866.3203125
2017-11-27 00:00:00+08:00,29686.189453125
2017-11-28 00:00:00+08:00,29680.849609375
2017-11-29 00:00:00+08:00,29623.830078125
2017-11-30 00:00:00+08:00,29177.349609375
2017-12-01 00:00:00+08:00,29074.240234375
2017-12-04 00:00:00+08:00,29138.279296875
2017-12-05 00:00:00+08:00,28842.80078125
2017-12-06 00:00:00+08:00,28224.80078125
2017-12-07 00:00:00+08:00,28303.189453125
2017-12-08 00:00:00+08:00,28639.849609375
2017-12-11 00:00:00+08:00,28965.2890625
2017-12-12 00:00:00+08:00,28793.880859375
2017-12-13 00:00:00+08:00,29222.099609375
2017-12-14 00:00:00+08:00,29166.380859375
2017-12-15 00:00:00+08:00,28848.109375
2017-12-18 00:00:00+08:00,29050.41015625
2017-12-19 00:00:00+08:00,29253.66015625
2017-12-20 00:00:00+08:00,29234.08984375
2017-12-21 00:00:00+08:00,29367.060546875
2017-12-22 00:00:00+08:00,29578.009765625
2017-12-27 00:00:00+08:00,29597.66015625
2017-12-28 00:00:00+08:00,29863.7109375
2017-12-29 00:00:00+08:00,29919.150390625
2018-01-02 00:00:00+08:00,30515.310546875
2018-01-03 00:00:00+08:00,30560.94921875
2018-01-04 00:00:00+08:00,30736.48046875
2018-01-05 00:00:00+08:00,30814.640625
2018-01-08 00:00:00+08:00,30899.529296875
2018-01-09 00:00:00+08:00,31011.41015625
2018-01-10 00:00:00+08:00,31073.720703125
2018-01-11 00:00:00+08:00,31120.390625
2018-01-12 00:00:00+08:00,31412.5390625
2018-01-15 00:00:00+08:00,31338.869140625
2018-01-16 00:00:00+08:00,31904.75
2018-01-17 00:00:00+08:00,31983.41015625
2018-01-18 00:00:00+08:00,32121.939453125
2018-01-19 00:00:00+08:00,32254.890625
2018-01-22 00:00:00+08:00,32393.41015625
2018-01-23 00:00:00+08:00,32930.69921875
2018-01-24 00:00:00+08:00,32958.69140625
2018-01-25 00:00:00+08:00,32654.44921875
2018-01-26 00:00:00+08:00,33154.12109375
2018-01-29 00:00:00+08:00,32966.890625
2018-01-30 00:00:00+08:00,32607.2890625
2018-01-31 00:00:00+08:00,32887.26953125
2018-02-01 00:00:00+08:00,32642.08984375
2018-02-02 00:00:00+08:00,32601.779296875
2018-02-05 00:00:00+08:00,32245.220703125
2018-02-06 00:00:00+08:00,30595.419921875
2018-02-07 00:00:00+08:00,30323.19921875
2018-02-08 00:00:00+08:00,30451.26953125
2018-02-09 00:00:00+08:00,29507.419921875
2018-02-12 00:00:00+08:00,29459.630859375
2018-02-13 00:00:00+08:00,29839.529296875
2018-02-14 00:00:00+08:00,30515.599609375
2018-02-15 00:00:00+08:00,31115.4296875
2018-02-20 00:00:00+08:00,30873.630859375
2018-02-21 00:00:00+08:00,31431.890625
2018-02-22 00:00:00+08:00,30965.6796875
2018-02-23 00:00:00+08:00,31267.169921875
2018-02-26 00:00:00+08:00,31498.599609375
2018-02-27 00:00:00+08:00,31268.66015625
2018-02-28 00:00:00+08:00,30844.720703125
2018-03-01 00:00:00+08:00,31044.25
2018-03-02 00:00:00+08:00,30583.44921875
2018-03-05 00:00:00+08:00,29886.390625
2018-03-06 00:00:00+08:00,30510.73046875
2018-03-07 00:00:00+08:00,30196.919921875
2018-03-08 00:00:00+08:00,30654.51953125
2018-03-09 00:00:00+08:00,30996.2109375
2018-03-12 00:00:00+08:00,31594.330078125
2018-03-13 00:00:00+08:00,31601.44921875
2018-03-14 00:00:00+08:00,31435.009765625
2018-03-15 00:00:00+08:00,31541.099609375
2018-03-16 00:00:00+08:00,31501.970703125
2018-03-19 00:00:00+08:00,31513.759765625
2018-03-20 00:00:00+08:00,31549.9296875
2018-03-21 00:00:00+08:00,31414.51953125
2018-03-22 00:00:00+08:00,31071.05078125
2018-03-23 00:00:00+08:00,30309.2890625
2018-03-26 00:00:00+08:00,30548.76953125
2018-03-27 00:00:00+08:00,30790.830078125
2018-03-28 00:00:00+08:00,30022.529296875
2018-03-29 00:00:00+08:00,30093.380859375
2018-04-03 00:00:00+08:00,30180.099609375
2018-04-04 00:00:00+08:00,29518.689453125
2018-04-06 00:00:00+08:00,29844.939453125
2018-04-09 00:00:00+08:00,30229.580078125
2018-04-10 00:00:00+08:00,30728.740234375
2018-04-11 00:00:00+08:00,30897.7109375
2018-04-12 00:00:00+08:00,30831.279296875
2018-04-13 00:00:00+08:00,30808.380859375
2018-04-16 00:00:00+08:00,30315.58984375
2018-04-17 00:00:00+08:00,30062.75
2018-04-18 00:00:00+08:00,30284.25
2018-04-19 00:00:00+08:00,30708.439453125
2018-04-20 00:00:00+08:00,30418.330078125
2018-04-23 00:00:00+08:00,30254.400390625
2018-04-24 00:00:00+08:00,30636.240234375
2018-04-25 00:00:00+08:00,30328.150390625
2018-04-26 00:00:00+08:00,30007.6796875
2018-04-27 00:00:00+08:00,30280.669921875
2018-04-30 00:00:00+08:00,30808.44921875
2018-05-02 00:00:00+08:00,30723.880859375
2018-05-03 00:00:00+08:00,30313.369140625
2018-05-04 00:00:00+08:00,29926.5
2018-05-07 00:00:00+08:00,29994.259765625
2018-05-08 00:00:00+08:00,30402.810546875
2018-05-09 00:00:00+08:00,30536.140625
2018-05-10 00:00:00+08:00,30809.220703125
2018-05-11 00:00:00+08:00,31122.060546875
2018-05-14 00:00:00+08:00,31541.080078125
2018-05-15 00:00:00+08:00,31152.029296875
2018-05-16 00:00:00+08:00,31110.19921875
2018-05-17 00:00:00+08:00,30942.150390625
2018-05-18 00:00:00+08:00,31047.91015625
2018-05-21 00:00:00+08:00,31234.349609375
2018-05-23 00:00:00+08:00,30665.640625
2018-05-24 00:00:00+08:00,30760.41015625
2018-05-25 00:00:00+08:00,30588.0390625
2018-05-28 00:00:00+08:00,30792.259765625
2018-05-29 00:00:00+08:00,30484.580078125
2018-05-30 00:00:00+08:00,30056.7890625
2018-05-31 00:00:00+08:00,30468.560546875
2018-06-01 00:00:00+08:00,30492.91015625
2018-06-04 00:00:00+08:00,30997.98046875
2018-06-05 00:00:00+08:00,31093.44921875
2018-06-06 00:00:00+08:00,31259.099609375
2018-06-07 00:00:00+08:00,31512.630859375
2018-06-08 00:00:00+08:00,30958.2109375
2018-06-11 00:00:00+08:00,31063.69921875
2018-06-12 00:00:00+08:00,31103.060546875
2018-06-13 00:00:00+08:00,30725.150390625
2018-06-14 00:00:00+08:00,30440.169921875
2018-06-15 00:00:00+08:00,30309.490234375
2018-06-19 00:00:00+08:00,29468.150390625
2018-06-20 00:00:00+08:00,29696.169921875
2018-06-21 00:00:00+08:00,29296.05078125
2018-06-22 00:00:00+08:00,29338.69921875
2018-06-25 00:00:00+08:00,28961.390625
2018-06-26 00:00:00+08:00,28881.400390625
2018-06-27 00:00:00+08:00,28356.259765625
2018-06-28 00:00:00+08:00,28497.3203125
2018-06-29 00:00:00+08:00,28955.109375
2018-07-03 00:00:00+08:00,28545.5703125
2018-07-04 00:00:00+08:00,28241.669921875
2018-07-05 00:00:00+08:00,28182.08984375
2018-07-06 00:00:00+08:00,28315.619140625
2018-07-09 00:00:00+08:00,28688.5
2018-07-10 00:00:00+08:00,28682.25
2018-07-11 00:00:00+08:00,28311.689453125
2018-07-12 00:00:00+08:00,28480.830078125
2018-07-13 00:00:00+08:00,28525.439453125
2018-07-16 00:00:00+08:00,28539.66015625
2018-07-17 00:00:00+08:00,28181.6796875
2018-07-18 00:00:00+08:00,28117.419921875
2018-07-19 00:00:00+08:00,28010.859375
2018-07-20 00:00:00+08:00,28224.48046875
2018-07-23 00:00:00+08:00,28256.119140625
2018-07-24 00:00:00+08:00,28662.5703125
2018-07-25 00:00:00+08:00,28920.900390625
2018-07-26 00:00:00+08:00,28781.140625
2018-07-27 00:00:00+08:00,28804.279296875
2018-07-30 00:00:00+08:00,28733.130859375
2018-07-31 00:00:00+08:00,28583.009765625
2018-08-01 00:00:00+08:00,28340.740234375
2018-08-02 00:00:00+08:00,27714.560546875
2018-08-03 00:00:00+08:00,27676.3203125
2018-08-06 00:00:00+08:00,27819.560546875
2018-08-07 00:00:00+08:00,28248.880859375
2018-08-08 00:00:00+08:00,28359.140625
2018-08-09 00:00:00+08:00,28607.30078125
2018-08-10 00:00:00+08:00,28366.619140625
2018-08-13 00:00:00+08:00,27936.5703125
2018-08-14 00:00:00+08:00,27752.9296875
2018-08-15 00:00:00+08:00,27323.58984375
2018-08-16 00:00:00+08:00,27100.060546875
2018-08-17 00:00:00+08:00,27213.41015625
2018-08-20 00:00:00+08:00,27598.01953125
2018-08-21 00:00:00+08:00,27752.7890625
2018-08-22 00:00:00+08:00,27927.580078125
2018-08-23 00:00:00+08:00,27790.4609375
2018-08-24 00:00:00+08:00,27671.869140625
2018-08-27 00:00:00+08:00,28271.26953125
2018-08-28 00:00:00+08:00,28351.619140625
2018-08-29 00:00:00+08:00,28416.439453125
2018-08-30 00:00:00+08:00,28164.05078125
2018-08-31 00:00:00+08:00,27888.55078125
2018-09-03 00:00:00+08:00,27712.5390625
2018-09-04 00:00:00+08:00,27973.33984375
2018-09-05 00:00:00+08:00,27243.849609375
2018-09-06 00:00:00+08:00,26974.8203125
2018-09-07 00:00:00+08:00,26973.470703125
2018-09-10 00:00:00+08:00,26613.419921875
2018-09-11 00:00:00+08:00,26422.55078125
2018-09-12 00:00:00+08:00,26345.0390625
2018-09-13 00:00:00+08:00,27014.490234375
2018-09-14 00:00:00+08:00,27286.41015625
2018-09-17 00:00:00+08:00,26932.849609375
2018-09-18 00:00:00+08:00,27084.66015625
2018-09-19 00:00:00+08:00,27407.369140625
2018-09-20 00:00:00+08:00,27477.669921875
2018-09-21 00:00:00+08:00,27953.580078125
2018-09-24 00:00:00+08:00,27499.390625
2018-09-26 00:00:00+08:00,27816.869140625
2018-09-27 00:00:00+08:00,27715.669921875
2018-09-28 00:00:00+08:00,27788.51953125
2018-10-02 00:00:00+08:00,27126.380859375
2018-10-03 00:00:00+08:00,27091.259765625
2018-10-04 00:00:00+08:00,26623.869140625
2018-10-05 00:00:00+08:00,26572.5703125
2018-10-08 00:00:00+08:00,26202.5703125
2018-10-09 00:00:00+08:00,26172.91015625
2018-10-10 00:00:00+08:00,26193.0703125
2018-10-11 00:00:00+08:00,25266.369140625
2018-10-12 00:00:00+08:00,25801.490234375
2018-10-15 00:00:00+08:00,25445.060546875
2018-10-16 00:00:00+08:00,25462.259765625
2018-10-18 00:00:00+08:00,25454.55078125
2018-10-19 00:00:00+08:00,25561.400390625
2018-10-22 00:00:00+08:00,26153.150390625
2018-10-23 00:00:00+08:00,25346.55078125
2018-10-24 00:00:00+08:00,25249.779296875
2018-10-25 00:00:00+08:00,24994.4609375
2018-10-26 00:00:00+08:00,24717.630859375
2018-10-29 00:00:00+08:00,24812.0390625
2018-10-30 00:00:00+08:00,24585.529296875
2018-10-31 00:00:00+08:00,24979.689453125
2018-11-01 00:00:00+08:00,25416.0
2018-11-02 00:00:00+08:00,26486.349609375
2018-11-05 00:00:00+08:00,25934.390625
2018-11-06 00:00:00+08:00,26120.9609375
2018-11-07 00:00:00+08:00,26147.689453125
2018-11-08 00:00:00+08:00,26227.720703125
2018-11-09 00:00:00+08:00,25601.919921875
2018-11-12 00:00:00+08:00,25633.1796875
2018-11-13 00:00:00+08:00,25792.869140625
2018-11-14 00:00:00+08:00,25654.4296875
2018-11-15 00:00:00+08:00,26103.33984375
2018-11-16 00:00:00+08:00,26183.529296875
2018-11-19 00:00:00+08:00,26372.0
2018-11-20 00:00:00+08:00,25840.33984375
2018-11-21 00:00:00+08:00,25971.470703125
2018-11-22 00:00:00+08:00,26019.41015625
2018-11-23 00:00:00+08:00,25927.6796875
2018-11-26 00:00:00+08:00,26376.1796875
2018-11-27 00:00:00+08:00,26331.9609375
2018-11-28 00:00:00+08:00,26682.560546875
2018-11-29 00:00:00+08:00,26451.029296875
2018-11-30 00:00:00+08:00,26506.75
2018-12-03 00:00:00+08:00,27182.0390625
2018-12-04 00:00:00+08:00,27260.439453125
2018-12-05 00:00:00+08:00,26819.6796875
2018-12-06 00:00:00+08:00,26156.380859375
2018-12-07 00:00:00+08:00,26063.759765625
2018-12-10 00:00:00+08:00,25752.380859375
2018-12-11 00:00:00+08:00,25771.669921875
2018-12-12 00:00:00+08:00,26186.7109375
2018-12-13 00:00:00+08:00,26524.349609375
2018-12-14 00:00:00+08:00,26094.7890625
2018-12-17 00:00:00+08:00,26087.98046875
2018-12-18 00:00:00+08:00,25814.25
2018-12-19 00:00:00+08:00,25865.390625
2018-12-20 00:00:00+08:00,25623.529296875
2018-12-21 00:00:00+08:00,25753.419921875
2018-12-24 00:00:00+08:00,25651.380859375
2018-12-27 00:00:00+08:00,25478.880859375
2018-12-28 00:00:00+08:00,25504.19921875
2018-12-31 00:00:00+08:00,25845.69921875
2019-01-02 00:00:00+08:00,25130.349609375
2019-01-03 00:00:00+08:00,25064.359375
2019-01-04 00:00:00+08:00,25626.029296875
2019-01-07 00:00:00+08:00,25835.69921875
2019-01-08 00:00:00+08:00,25875.44921875
2019-01-09 00:00:00+08:00,26462.3203125
2019-01-10 00:00:00+08:00,26521.4296875
2019-01-11 00:00:00+08:00,26667.26953125
2019-01-14 00:00:00+08:00,26298.330078125
2019-01-15 00:00:00+08:00,26830.2890625
2019-01-16 00:00:00+08:00,26902.099609375
2019-01-17 00:00:00+08:00,26755.630859375
2019-01-18 00:00:00+08:00,27090.810546875
2019-01-21 00:00:00+08:00,27196.5390625
2019-01-22 00:00:00+08:00,27005.44921875
2019-01-23 00:00:00+08:00,27008.19921875
2019-01-24 00:00:00+08:00,27120.98046875
2019-01-25 00:00:00+08:00,27569.189453125
2019-01-28 00:00:00+08:00,27576.9609375
2019-01-29 00:00:00+08:00,27531.6796875
2019-01-30 00:00:00+08:00,27642.849609375
2019-01-31 00:00:00+08:00,27942.470703125
2019-02-01 00:00:00+08:00,27930.740234375
2019-02-04 00:00:00+08:00,27990.2109375
2019-02-08 00:00:00+08:00,27946.3203125
2019-02-11 00:00:00+08:00,28143.83984375
2019-02-12 00:00:00+08:00,28171.330078125
2019-02-13 00:00:00+08:00,28497.58984375
2019-02-14 00:00:00+08:00,28432.05078125
2019-02-15 00:00:00+08:00,27900.83984375
2019-02-18 00:00:00+08:00,28347.009765625
2019-02-19 00:00:00+08:00,28228.130859375
2019-02-20 00:00:00+08:00,28514.05078125
2019-02-21 00:00:00+08:00,28629.919921875
2019-02-22 00:00:00+08:00,28816.30078125
2019-02-25 00:00:00+08:00,28959.30078125
2019-02-26 00:00:00+08:00,28772.060546875
2019-02-27 00:00:00+08:00,28757.439453125
2019-02-28 00:00:00+08:00,28633.1796875
2019-03-01 00:00:00+08:00,28812.169921875
2019-03-04 00:00:00+08:00,28959.58984375
2019-03-05 00:00:00+08:00,28961.599609375
2019-03-06 00:00:00+08:00,29037.599609375
2019-03-07 00:00:00+08:00,28779.44921875
2019-03-08 00:00:00+08:00,28228.419921875
