Date,Close,Volume
1/4/2010,3243.76001,109400
1/5/2010,3282.178955,126200
1/6/2010,3254.215088,123600
1/7/2010,3192.775879,128600
1/8/2010,3195.99707,98400
1/11/2010,3212.75,136400
1/12/2010,3273.966064,140600
1/13/2010,3172.657959,158400
1/14/2010,3215.550049,136000
1/15/2010,3224.1521,120600
1/18/2010,3237.0979,135000
1/19/2010,3246.874023,130000
1/20/2010,3151.850098,158200
1/21/2010,3158.863037,114400
1/22/2010,3128.587891,137800
1/25/2010,3094.410889,78400
1/26/2010,3019.394043,93600
1/27/2010,2986.606934,76600
1/28/2010,2994.143066,73400
1/29/2010,2989.291992,80400
2/1/2010,2941.360107,88200
2/2/2010,2934.712891,82400
2/3/2010,3003.834961,101000
2/4/2010,2995.308105,100000
2/5/2010,2939.4021,97200
2/8/2010,2935.174072,63400
2/9/2010,2948.842041,62200
2/10/2010,2982.5,55600
2/11/2010,2985.499023,56600
2/12/2010,3018.133057,56000
2/22/2010,3003.397949,68600
2/23/2010,2982.574951,80400
2/24/2010,3022.177002,93000
2/25/2010,3060.61792,119600
2/26/2010,3051.943115,101200
3/1/2010,3087.842041,111000
3/2/2010,3073.10791,105400
3/3/2010,3097.004883,117200
3/4/2010,3023.373047,126400
3/5/2010,3031.064941,92200
3/8/2010,3053.231934,81000
3/9/2010,3069.141113,92400
3/10/2010,3048.927002,84600
3/11/2010,3051.281982,79800
3/12/2010,3013.412109,71400
3/15/2010,2976.938965,63800
3/16/2010,2992.841064,59600
3/17/2010,3050.479004,87000
3/18/2010,3046.089111,91400
3/19/2010,3067.75,88400
3/22/2010,3074.575928,96400
3/23/2010,3053.125,92800
3/24/2010,3056.808105,89200
3/25/2010,3019.176025,90200
3/26/2010,3059.715088,93000
3/29/2010,3123.798096,131800
3/30/2010,3128.468018,102400
3/31/2010,3109.10498,101200
4/1/2010,3147.416016,126800
4/2/2010,3157.957031,122800
4/6/2010,3158.680908,116800
4/7/2010,3148.221924,103600
4/8/2010,3118.708984,114600
4/9/2010,3145.346924,105400
4/12/2010,3129.262939,138000
4/13/2010,3161.250977,144000
4/14/2010,3166.183105,106400
4/15/2010,3164.966064,106200
4/16/2010,3130.302002,81000
4/19/2010,2980.297119,129400
4/20/2010,2979.532959,101800
4/21/2010,3033.278076,116400
4/22/2010,2999.483887,121800
4/23/2010,2983.537109,103600
4/26/2010,2969.50293,89200
4/27/2010,2907.927979,108200
4/28/2010,2900.331055,83800
4/29/2010,2868.431885,89400
4/30/2010,2870.611084,88800
5/4/2010,2835.2771,66000
5/5/2010,2857.150879,95400
5/6/2010,2739.701904,92600
5/7/2010,2688.383057,92000
5/10/2010,2698.75708,81800
5/11/2010,2647.572998,87800
5/12/2010,2655.714111,82600
5/13/2010,2710.50708,83000
5/14/2010,2696.628906,73400
5/17/2010,2559.930908,82600
5/18/2010,2594.782959,82800
5/19/2010,2587.806885,71400
5/20/2010,2555.939941,66400
5/21/2010,2583.521973,83800
5/24/2010,2673.423096,112400
5/25/2010,2622.629883,93200
5/26/2010,2625.792969,68800
5/27/2010,2655.917969,87800
5/28/2010,2655.76709,87000
5/31/2010,2592.145996,78800
6/1/2010,2568.282959,74600
6/2/2010,2571.423096,64800
6/3/2010,2552.656006,69600
6/4/2010,2553.593018,56600
6/7/2010,2511.729004,65600
6/8/2010,2513.947021,63000
6/9/2010,2583.870117,96000
6/10/2010,2562.580078,74600
6/11/2010,2569.940918,66600
6/15/2010,null,null
6/17/2010,2560.245117,55000
6/18/2010,2513.221924,67200
6/21/2010,2586.208984,78600
6/22/2010,2588.697998,63600
6/23/2010,2569.87207,58800
6/24/2010,2566.745117,48800
6/25/2010,2552.816895,50000
6/28/2010,2535.278076,43200
6/29/2010,2427.052002,73800
6/30/2010,2398.370117,55200
7/1/2010,2373.791992,50000
7/2/2010,2382.900879,68400
7/5/2010,2363.947998,48000
7/6/2010,2409.424072,61400
7/7/2010,2421.116943,56200
7/8/2010,2415.149902,54400
7/9/2010,2470.923096,85800
7/12/2010,2490.718018,83000
7/13/2010,2450.284912,66400
7/14/2010,2470.439941,73000
7/15/2010,2424.303955,105600
7/16/2010,2424.270996,70800
7/19/2010,2475.420898,88800
7/20/2010,2528.729004,118600
7/21/2010,2535.394043,114200
7/22/2010,2562.406006,106000
7/23/2010,2572.028076,114400
7/26/2010,2588.683105,93400
7/27/2010,2575.36792,86600
7/28/2010,2633.663086,129000
7/29/2010,2648.115967,139200
7/30/2010,2637.50293,94800
8/2/2010,2672.516113,113000
8/3/2010,2627.001953,128000
8/4/2010,2638.521973,112200
8/5/2010,2620.75708,113600
8/6/2010,2658.39209,121000
8/9/2010,2672.531982,120000
8/10/2010,2595.272949,127000
8/11/2010,2607.49707,87000
8/12/2010,2575.475098,92600
8/13/2010,2606.699951,88800
8/16/2010,2661.708008,125800
8/17/2010,2671.893066,122600
8/18/2010,2666.301025,136200
8/19/2010,2687.979004,128400
8/20/2010,2642.306885,116200
8/23/2010,2639.365967,88200
8/24/2010,2650.306885,107200
8/25/2010,2596.580078,109600
8/26/2010,2603.480957,80400
8/27/2010,2610.741943,70400
8/30/2010,2652.664063,110400
8/31/2010,2638.798096,110800
9/1/2010,2622.88208,127200
9/2/2010,2655.775879,124000
9/3/2010,2655.394043,129400
9/6/2010,2696.25,144200
9/7/2010,2698.363037,112200
9/8/2010,2695.291016,113600
9/9/2010,2656.352051,133000
9/10/2010,2663.208984,113000
9/13/2010,2688.320068,118000
9/14/2010,2688.521973,120800
9/15/2010,2652.50293,122000
9/16/2010,2602.465088,119000
9/17/2010,2598.688965,83200
9/20/2010,2588.712891,79400
9/21/2010,2591.550049,58200
9/27/2010,2627.967041,76800
9/28/2010,2611.354004,93200
9/29/2010,2610.677979,88600
9/30/2010,2655.657959,89600
10/8/2010,2738.743896,135800
10/11/2010,2806.941895,207600
10/12/2010,2841.406982,167400
10/13/2010,2861.361084,185200
10/14/2010,2879.635986,229400
10/15/2010,2971.159912,236600
10/18/2010,2955.227051,263400
10/19/2010,3001.853027,170600
10/20/2010,3003.950928,207800
10/21/2010,2983.531982,161400
10/22/2010,2975.042969,147000
10/25/2010,3051.417969,192200
10/26/2010,3041.542969,198800
10/27/2010,2997.048096,176200
10/28/2010,2992.579102,143600
10/29/2010,2978.834961,147200
11/1/2010,3054.020996,186200
11/2/2010,3045.434082,225000
11/3/2010,3030.988037,189800
11/4/2010,3086.938965,176800
11/5/2010,3129.49707,212000
11/8/2010,3159.511963,205400
11/9/2010,3135,192400
11/10/2010,3115.355957,185000
11/11/2010,3147.743896,210200
11/12/2010,2985.435059,233000
11/15/2010,3014.413086,153200
11/16/2010,2894.538086,171000
11/17/2010,2838.856934,123800
11/18/2010,2865.451904,102200
11/19/2010,2888.565918,123800
11/22/2010,2884.371094,127200
11/23/2010,2828.281982,116400
11/24/2010,2859.936035,116200
11/25/2010,2898.260986,131600
11/26/2010,2871.697998,110800
11/29/2010,2866.355957,102400
11/30/2010,2820.180908,139400
12/1/2010,2823.448975,81200
12/2/2010,2843.606934,104200
12/3/2010,2842.429932,83600
12/6/2010,2857.177002,89800
12/7/2010,2875.861084,86800
12/8/2010,2848.545898,86800
12/9/2010,2810.948975,94600
12/10/2010,2841.040039,80400
12/13/2010,2922.954102,128800
12/14/2010,2927.076904,121000
12/15/2010,2911.414063,109400
12/16/2010,2898.137939,87600
12/17/2010,2893.73999,73600
12/20/2010,null,null
12/21/2010,2904.11499,106800
12/22/2010,2877.899902,98400
12/23/2010,2855.219971,89000
12/24/2010,2835.156982,81200
12/27/2010,2781.4021,97800
12/28/2010,2732.98999,84400
12/29/2010,2751.5271,64000
12/30/2010,2759.574951,73200
12/31/2010,2808.076904,83400
1/4/2011,2852.647949,110000
1/5/2011,2839.220947,104400
1/6/2011,2824.197021,84800
1/7/2011,2838.801025,113200
1/10/2011,2791.809082,90800
1/11/2011,2804.047119,80600
1/12/2011,2821.304932,79200
1/13/2011,2827.711914,74800
1/14/2011,2791.343994,76800
1/17/2011,2706.659912,92600
1/18/2011,2708.979004,60400
1/19/2011,2758.096924,78400
1/20/2011,2677.6521,86000
1/21/2011,2715.293945,95600
1/24/2011,2695.718994,88000
1/25/2011,2677.431885,69400
1/26/2011,2708.813965,60800
1/27/2011,2749.149902,105600
1/28/2011,2752.75,85400
1/31/2011,2790.694092,91600
2/1/2011,2798.959961,73400
2/9/2011,2774.064941,87200
2/10/2011,2818.163086,98000
2/11/2011,2827.327881,107800
2/14/2011,2899.134033,154200
2/15/2011,2899.237061,152400
2/16/2011,2923.895996,127800
2/17/2011,2926.964111,130400
2/18/2011,2899.791992,113800
2/21/2011,2932.246094,118800
2/22/2011,2855.516113,153000
2/23/2011,2862.63501,111000
2/24/2011,2878.603027,109800
2/25/2011,2878.564941,100000
2/28/2011,2905.052979,118800
3/1/2011,2918.919922,136600
3/2/2011,2913.808105,133400
3/3/2011,2902.978027,150400
3/4/2011,2942.305908,118200
3/7/2011,2996.210938,160200
3/8/2011,2999.941895,126600
3/9/2011,3002.154053,124800
3/10/2011,2957.143066,123800
3/11/2011,2933.795898,116000
3/14/2011,2937.626953,117000
3/15/2011,2896.256104,155000
3/16/2011,2930.803955,130800
3/17/2011,2897.298096,137800
3/18/2011,2906.88501,100600
3/21/2011,2909.136963,96800
3/22/2011,2919.14209,95200
3/23/2011,2948.477051,112600
3/24/2011,2946.706055,109000
3/25/2011,2977.813965,136400
3/28/2011,2984.004883,156000
3/29/2011,2958.076904,168600
3/30/2011,2955.770996,126400
3/31/2011,2928.111084,109000
4/1/2011,2967.409912,99800
4/6/2011,3001.360107,141600
4/7/2011,3007.908936,124800
4/8/2011,3030.020996,114400
4/11/2011,3022.746094,147200
4/12/2011,3021.368896,146000
4/13/2011,3050.396973,128200
4/14/2011,3042.63501,129400
4/15/2011,3050.525879,128600
4/18/2011,3057.329102,137400
4/19/2011,2999.041016,141800
4/20/2011,3007.037109,119800
4/21/2011,3026.666992,121600
4/22/2011,3010.51709,118600
4/25/2011,2964.950928,117400
4/26/2011,2938.980957,95200
4/27/2011,2925.407959,105400
4/28/2011,2887.042969,105200
4/29/2011,2911.51001,87600
5/3/2011,2932.187988,96400
5/4/2011,2866.01709,111400
5/5/2011,2872.404053,91000
5/6/2011,2863.885986,91000
5/9/2011,2872.459961,81600
5/10/2011,2890.634033,81200
5/11/2011,2883.419922,92400
5/12/2011,2844.083008,100200
5/13/2011,2871.031006,93200
5/16/2011,2849.066895,84600
5/17/2011,2852.772949,94800
5/18/2011,2872.770996,76800
5/19/2011,2859.573975,77000
5/20/2011,2858.458984,70800
5/23/2011,2774.569092,98600
5/24/2011,2767.055908,74800
5/25/2011,2741.740967,74400
5/26/2011,2736.5271,78800
5/27/2011,2709.947021,82600
5/30/2011,2706.361084,65200
5/31/2011,2743.471924,68000
6/1/2011,2743.572021,68600
6/2/2011,2705.180908,86000
6/3/2011,2728.02002,68000
6/7/2011,2744.300049,65000
6/8/2011,2750.288086,74200
6/9/2011,2703.344971,83400
6/10/2011,2705.143066,73400
6/13/2011,2700.378906,63000
6/14/2011,2730.040039,83000
6/15/2011,2705.430908,74800
6/16/2011,2664.281982,71000
6/17/2011,2642.818115,64400
6/20/2011,2621.25293,60000
6/21/2011,2646.48291,64800
6/22/2011,2649.321045,58400
6/23/2011,2688.249023,73800
6/24/2011,2746.210938,125800
6/27/2011,2758.22998,101600
6/28/2011,2759.201904,88200
6/29/2011,2728.48291,88200
6/30/2011,2762.075928,91000
7/1/2011,2759.362061,92000
7/4/2011,2812.818115,122000
7/5/2011,2816.354004,110200
7/6/2011,2810.479004,103200
7/7/2011,2794.26709,116600
7/8/2011,2797.772949,86200
7/11/2011,2802.691895,86000
7/12/2011,2754.582031,96600
7/13/2011,2795.476074,92000
7/14/2011,2810.444092,104600
7/15/2011,2820.168945,107400
7/18/2011,2816.687988,108200
7/19/2011,2796.98291,92800
7/20/2011,2794.205078,84000
7/21/2011,2765.894043,81800
7/22/2011,2770.790039,70200
7/25/2011,2688.746094,111200
7/26/2011,2703.025879,72800
7/27/2011,2723.491943,80400
7/28/2011,2708.7771,78400
7/29/2011,2701.729004,75400
8/1/2011,2703.782959,59000
8/2/2011,2679.259033,70000
8/3/2011,2678.485107,64000
8/4/2011,2684.039063,58800
8/5/2011,2626.423096,78600
8/8/2011,2526.815918,110400
8/9/2011,2526.070068,103800
8/10/2011,2549.176025,100400
8/11/2011,2581.508057,95600
8/12/2011,2593.173096,97200
8/15/2011,2626.77002,88600
8/16/2011,2608.166016,85200
8/17/2011,2601.260986,70200
8/18/2011,2559.471924,71000
8/19/2011,2534.35791,70600
8/22/2011,2515.863037,61200
8/23/2011,2554.019043,61000
8/24/2011,2541.091064,65400
8/25/2011,2615.260986,104600
8/26/2011,2612.187988,77800
8/29/2011,2576.413086,73600
8/30/2011,2566.594971,76000
8/31/2011,2567.340088,59200
9/1/2011,2556.041992,57200
9/2/2011,2528.280029,54400
9/5/2011,2478.739014,55000
9/6/2011,2470.523926,49200
9/7/2011,2516.090088,59600
9/8/2011,2498.943115,55200
9/9/2011,2497.75293,51200
9/13/2011,2471.304932,50000
9/14/2011,2484.826904,54000
9/15/2011,2479.054932,56000
9/16/2011,2482.343018,48000
9/19/2011,2437.794922,48800
9/20/2011,2447.754883,46200
9/21/2011,2512.962891,86600
9/22/2011,2443.055908,74600
9/23/2011,2433.158936,67400
9/26/2011,2393.183105,57400
9/27/2011,2415.053955,55200
9/28/2011,2392.062012,55800
9/29/2011,2365.343018,59200
9/30/2011,2359.218994,48800
10/10/2011,2344.787109,41800
10/11/2011,2348.516113,64000
10/12/2011,2420,91600
10/13/2011,2438.790039,87800
10/14/2011,2431.375,60600
10/17/2011,2440.4021,58200
10/18/2011,2383.485107,79600
10/19/2011,2377.511963,58600
10/20/2011,2331.365967,65400
10/21/2011,2317.274902,48400
10/24/2011,2370.333008,70800
10/25/2011,2409.672119,90800
10/26/2011,2427.47998,107400
10/27/2011,2435.61499,82400
10/28/2011,2473.409912,110000
10/31/2011,2468.25,84200
11/1/2011,2470.019043,88800
11/2/2011,2504.10791,105400
11/3/2011,2508.090088,136600
11/4/2011,2528.293945,101800
11/7/2011,2509.799072,78800
11/8/2011,2503.835938,78600
11/9/2011,2524.918945,78200
11/10/2011,2479.535889,87200
11/11/2011,2481.083984,66200
11/14/2011,2528.714111,81200
11/15/2011,2529.760986,79200
11/16/2011,2466.958984,93400
11/17/2011,2463.045898,66400
11/18/2011,2416.562012,72200
11/21/2011,2415.129883,50200
11/22/2011,2412.625,51400
11/23/2011,2395.063965,50600
11/24/2011,2397.553955,52200
11/25/2011,2380.224121,45400
11/28/2011,2383.033936,46000
11/29/2011,2412.393066,55200
11/30/2011,2333.414063,76600
12/1/2011,2386.860107,98600
12/2/2011,2360.664063,59800
12/5/2011,2333.229004,52200
12/6/2011,2325.905029,46000
12/7/2011,2332.72998,41600
12/8/2011,2329.820068,51400
12/9/2011,2315.27002,40000
12/12/2011,2291.544922,39600
12/13/2011,2248.590088,58600
12/14/2011,2228.524902,44000
12/15/2011,2180.89502,56800
12/16/2011,2224.840088,57200
12/19/2011,2218.235107,57800
12/20/2011,2215.929932,52800
12/21/2011,2191.147949,50800
12/22/2011,2186.295898,59000
12/23/2011,2204.783936,52400
12/26/2011,2190.110107,43600
12/27/2011,2166.205078,45800
12/28/2011,2170.012939,49600
12/29/2011,2173.561035,44800
12/30/2011,2199.416992,52000
1/4/2012,2169.389893,49200
1/5/2012,2148.451904,58800
1/6/2012,2163.39502,50600
1/9/2012,2225.889893,76800
1/10/2012,2285.743896,109600
1/11/2012,2276.045898,84400
1/12/2012,2275.01001,71600
1/13/2012,2244.580078,71400
1/16/2012,2206.193115,45800
1/17/2012,2298.375,87800
1/18/2012,2266.384033,90000
1/19/2012,2296.074951,72400
1/20/2012,2319.11792,70000
1/30/2012,2285.038086,58400
1/31/2012,2292.610107,48800
2/1/2012,2268.080078,53600
2/2/2012,2312.555908,63400
2/3/2012,2330.405029,79000
2/6/2012,2331.135986,75800
2/7/2012,2291.9021,67400
2/8/2012,2347.530029,87200
2/9/2012,2349.589111,98000
2/10/2012,2351.980957,96600
2/13/2012,2351.854004,86200
2/14/2012,2344.770996,73200
2/15/2012,2366.701904,98800
2/16/2012,2356.860107,95000
2/17/2012,2357.180908,72000
2/20/2012,2363.596924,89000
2/21/2012,2381.429932,79400
2/22/2012,2403.586914,118600
2/23/2012,2409.553955,112600
2/24/2012,2439.626953,135000
2/27/2012,2447.056885,158000
2/28/2012,2451.856934,118400
2/29/2012,2428.487061,95600
3/1/2012,2426.11499,75000
3/2/2012,2460.693115,103200
3/5/2012,2445.001953,112600
3/6/2012,2410.445068,103800
3/7/2012,2394.793945,94800
3/8/2012,2420.275879,96800
3/9/2012,2439.461914,100600
3/12/2012,2434.85791,106200
3/13/2012,2455.793945,104600
3/14/2012,2391.22998,179800
3/15/2012,2373.773926,120000
3/16/2012,2404.736084,103600
3/19/2012,2410.184082,102200
3/20/2012,2376.839111,98000
3/21/2012,2378.195068,95600
3/22/2012,2375.771973,79400
3/23/2012,2349.539063,76800
3/26/2012,2350.599121,55400
3/27/2012,2347.178955,60800
3/28/2012,2284.881104,83600
3/29/2012,2252.159912,74200
3/30/2012,2262.788086,62000
4/5/2012,2302.240967,80200
4/6/2012,2306.552002,72200
4/9/2012,2285.7771,59800
4/10/2012,2305.863037,67400
4/11/2012,2308.925049,75200
4/12/2012,2350.864014,97600
4/13/2012,2359.160889,98800
4/16/2012,2357.025879,85400
4/17/2012,2334.985107,84600
4/18/2012,2380.8479,108600
4/19/2012,2378.634033,94200
4/20/2012,2406.863037,115600
4/23/2012,2388.587891,123000
4/24/2012,2388.833984,133800
4/25/2012,2406.812988,131000
4/26/2012,2404.697021,115600
4/27/2012,2396.315918,91200
5/2/2012,2438.436035,128000
5/3/2012,2440.080078,102200
5/4/2012,2452.013916,102200
5/7/2012,2451.947021,108800
5/8/2012,2448.884033,104800
5/9/2012,2408.585938,98000
5/10/2012,2410.229004,81600
5/11/2012,2394.981934,74800
5/14/2012,2380.725098,90600
5/15/2012,2374.843018,78000
5/16/2012,2346.191895,76800
5/17/2012,2378.885986,86800
5/18/2012,2344.520996,89600
5/21/2012,2348.300049,74800
5/22/2012,2373.305908,76800
5/23/2012,2363.437012,84200
5/24/2012,2350.9729,79200
5/25/2012,2333.552979,74000
5/28/2012,2361.366943,95000
5/29/2012,2389.635986,117200
5/30/2012,2384.667969,89800
5/31/2012,2372.233887,77800
6/1/2012,2373.436035,77000
6/4/2012,2308.550049,90200
6/5/2012,2311.916016,66000
6/6/2012,2309.554932,58600
6/7/2012,2293.129883,60200
6/8/2012,2281.447021,68000
6/11/2012,2305.855957,64200
6/12/2012,2289.791016,60000
6/13/2012,2318.924072,78400
6/14/2012,2295.946045,71600
6/15/2012,2306.850098,68600
6/18/2012,2316.052002,60600
6/19/2012,2300.794922,60200
6/20/2012,2292.876953,54200
6/21/2012,2260.876953,59000
6/25/2012,2224.114014,59800
6/26/2012,2222.066895,53000
6/27/2012,2216.934082,51000
6/28/2012,2195.843018,54200
6/29/2012,2225.429932,61400
7/2/2012,2226.110107,62200
7/3/2012,2229.191895,62800
7/4/2012,2227.314941,55200
7/5/2012,2201.353027,58000
7/6/2012,2223.579102,76600
7/9/2012,2170.813965,75200
7/10/2012,2164.437988,59000
7/11/2012,2175.383057,58600
7/12/2012,2185.490967,82200
7/13/2012,2185.89502,57600
7/16/2012,2147.955078,67400
7/17/2012,2161.186035,55200
7/18/2012,2169.099121,66600
7/19/2012,2184.841064,79400
7/20/2012,2168.637939,64400
7/23/2012,2141.4021,55600
7/24/2012,2146.587891,54400
7/25/2012,2136.150879,48600
7/26/2012,2126.003906,52800
7/27/2012,2128.764893,52000
7/30/2012,2109.914063,52000
7/31/2012,2103.63501,53400
8/1/2012,2123.360107,53800
8/2/2012,2111.181885,53400
8/3/2012,2132.795898,53400
8/6/2012,2154.916016,71800
8/7/2012,2157.620117,75000
8/8/2012,2160.98999,72800
8/9/2012,2174.102051,72600
8/10/2012,2168.813965,68400
8/13/2012,2136.077881,71400
8/14/2012,2142.523926,67600
8/15/2012,2118.945068,54600
8/16/2012,2112.197021,45200
8/17/2012,2114.891113,44400
8/20/2012,2106.957031,46800
8/21/2012,2118.268066,60800
8/22/2012,2107.710938,58400
8/23/2012,2113.072021,58400
8/24/2012,2092.104004,60200
8/27/2012,2055.708008,60400
8/28/2012,2073.154053,54400
8/29/2012,2053.235107,52200
8/30/2012,2052.584961,62000
8/31/2012,2047.521973,46200
9/3/2012,2059.146973,60600
9/4/2012,2043.649048,57400
9/5/2012,2037.68103,57600
9/6/2012,2051.917969,56000
9/7/2012,2127.761963,140000
9/10/2012,2134.893066,103600
9/11/2012,2120.553955,80400
9/12/2012,2126.553955,84200
9/13/2012,2110.378906,79000
9/14/2012,2123.846924,91200
9/17/2012,2078.5,76400
9/18/2012,2059.542969,53800
9/19/2012,2067.831055,52200
9/20/2012,2024.837036,67400
9/21/2012,2026.689941,60200
9/24/2012,2033.192017,57600
9/25/2012,2029.292969,48200
9/26/2012,2004.171997,50400
9/27/2012,2056.322998,76600
9/28/2012,2086.168945,79400
10/8/2012,2074.418945,55200
10/9/2012,2115.229004,84600
10/10/2012,2119.941895,79000
10/11/2012,2102.86792,74400
10/12/2012,2104.931885,68200
10/15/2012,2098.702881,54000
10/16/2012,2098.808105,57800
10/17/2012,2105.61792,59800
10/18/2012,2131.687988,87200
10/19/2012,2128.302002,67600
10/22/2012,2132.758057,60200
10/23/2012,2114.447021,72600
10/24/2012,2115.98999,72800
10/25/2012,2101.580078,85400
10/26/2012,2066.208984,78600
10/29/2012,2058.943115,53600
10/30/2012,2062.346924,60600
10/31/2012,2068.879883,59600
11/1/2012,2104.427002,82800
11/2/2012,2117.045898,76600
11/5/2012,2114.0271,71600
11/6/2012,2105.999023,71400
11/7/2012,2105.72998,59400
11/8/2012,2071.509033,66600
11/9/2012,2069.066895,54200
11/12/2012,2079.272949,56600
11/13/2012,2047.889038,61000
11/14/2012,2055.418945,48000
11/15/2012,2030.290039,50600
11/16/2012,2014.724976,49600
11/19/2012,2016.982056,45400
11/20/2012,2008.922974,42600
11/21/2012,2030.31897,53200
11/22/2012,2015.610962,45600
11/23/2012,2027.384033,51600
11/26/2012,2017.463989,44800
11/27/2012,1991.165039,56600
11/28/2012,1973.522949,50600
11/29/2012,1963.488037,49600
11/30/2012,1980.116943,56800
12/3/2012,1959.766968,61600
12/4/2012,1975.142944,62400
12/5/2012,2031.906982,120000
12/6/2012,2029.237061,81400
12/7/2012,2061.785889,115200
12/10/2012,2083.77002,115400
12/11/2012,2074.704102,93400
12/12/2012,2082.726074,78600
12/13/2012,2061.476074,72200
12/14/2012,2150.625,160800
12/17/2012,2160.342041,144200
12/18/2012,2162.464111,126000
12/19/2012,2162.239014,94400
12/20/2012,2168.353027,99400
12/21/2012,2153.310059,103400
12/24/2012,2159.052979,78400
12/25/2012,2213.611084,143400
12/26/2012,2219.13208,121800
12/27/2012,2205.896973,129000
12/28/2012,2233.251953,116000
12/31/2012,2269.12793,128000
1/4/2013,2276.991943,139400
1/7/2013,2285.364014,118200
1/8/2013,2276.070068,123000
1/9/2013,2275.340088,122000
1/10/2013,2283.656982,120000
1/11/2013,2242.99707,125000
1/14/2013,2311.73999,144800
1/15/2013,2325.681885,165600
1/16/2013,2309.499023,153600
1/17/2013,2284.908936,119200
1/18/2013,2317.070068,125400
1/21/2013,2328.220947,134600
1/22/2013,2315.138916,149400
1/23/2013,2320.910889,118200
1/24/2013,2302.5979,161000
1/25/2013,2291.303955,92600
1/28/2013,2346.504883,128400
1/29/2013,2358.977051,141800
1/30/2013,2382.475098,149800
1/31/2013,2385.422119,139800
2/1/2013,2419.02002,140800
2/4/2013,2428.154053,167600
2/5/2013,2433.129883,150800
2/6/2013,2434.477051,116600
2/7/2013,2418.530029,120000
2/8/2013,2432.4021,109000
2/18/2013,2421.558105,116200
2/19/2013,2382.914063,123400
2/20/2013,2397.177979,110200
2/21/2013,2325.950928,144000
2/22/2013,2314.164063,97000
2/25/2013,2325.819092,88400
2/26/2013,2293.341064,117600
2/27/2013,2313.219971,97800
2/28/2013,2365.593018,127000
3/1/2013,2359.506104,120400
3/4/2013,2273.404053,161800
3/5/2013,2326.305908,131200
3/6/2013,2347.178955,141400
3/7/2013,2324.292969,139800
3/8/2013,2318.611084,98800
3/11/2013,2310.593018,84200
3/12/2013,2286.60498,117600
3/13/2013,2263.968018,91000
3/14/2013,2270.2771,80200
3/15/2013,2278.400879,116400
3/18/2013,2240.016113,93200
3/19/2013,2257.434082,87600
3/20/2013,2317.375,131200
3/21/2013,2324.241943,119200
3/22/2013,2328.278076,101200
3/25/2013,2326.715088,97000
3/26/2013,2297.668945,104400
3/27/2013,2301.26001,96400
3/28/2013,2236.302002,127600
3/29/2013,2236.621094,85600
4/1/2013,2234.39502,77400
4/2/2013,2227.73999,89800
4/3/2013,2225.294922,81800
4/8/2013,2211.592041,86200
4/9/2013,2225.773926,82800
4/10/2013,2226.125977,80600
4/11/2013,2219.552979,73600
4/12/2013,2206.780029,66800
4/15/2013,2181.940918,71600
4/16/2013,2194.844971,80000
4/17/2013,2193.795898,68400
4/18/2013,2197.602051,71600
4/19/2013,2244.643066,109600
4/22/2013,2242.168945,95200
4/23/2013,2184.538086,96600
4/24/2013,2218.318115,91600
4/25/2013,2199.306885,96800
4/26/2013,2177.912109,76600
5/2/2013,2174.123047,68400
5/3/2013,2205.49707,88600
5/6/2013,2231.166016,92200
5/7/2013,2235.574951,86400
5/8/2013,2246.300049,90400
5/9/2013,2232.970947,98600
5/10/2013,2246.831055,90400
5/13/2013,2241.919922,86200
5/14/2013,2217.01001,83200
5/15/2013,2224.797119,71800
5/16/2013,2251.804932,110200
5/17/2013,2282.870117,126200
5/20/2013,2299.986084,139200
5/21/2013,2305.114014,124200
5/22/2013,2302.403076,128400
5/23/2013,2275.666992,124000
5/24/2013,2288.531982,101400
5/27/2013,2293.076904,107400
5/28/2013,2321.318115,132600
5/29/2013,2324.01709,125200
5/30/2013,2317.749023,112000
5/31/2013,2300.594971,108200
6/3/2013,2299.251953,96800
6/4/2013,2272.416992,101800
6/5/2013,2270.929932,76400
6/6/2013,2242.110107,81600
6/7/2013,2210.897949,90000
6/13/2013,2148.35498,94400
6/14/2013,2162.041016,77800
6/17/2013,2156.215088,75800
6/18/2013,2159.291016,69600
6/19/2013,2143.454102,75400
6/20/2013,2084.020996,77800
6/21/2013,2073.094971,79600
6/24/2013,1963.234985,109200
6/25/2013,1959.508057,138200
6/26/2013,1951.494995,101200
6/27/2013,1950.011963,105800
6/28/2013,1979.206055,100800
7/1/2013,1995.241943,78000
7/2/2013,2006.560059,86400
7/3/2013,1994.267944,93400
7/4/2013,2006.098022,100400
7/5/2013,2007.198975,91400
7/8/2013,1958.272949,84200
7/9/2013,1965.453979,64600
7/10/2013,2008.125977,89800
7/11/2013,2072.990967,160000
7/12/2013,2039.485962,121200
7/15/2013,2059.389893,101400
7/16/2013,2065.719971,96800
7/17/2013,2044.921997,103200
7/18/2013,2023.395996,92200
7/19/2013,1992.647949,104600
7/22/2013,2004.761963,83000
7/23/2013,2043.875977,109600
7/24/2013,2033.328979,106600
7/25/2013,2021.17395,98600
7/26/2013,2010.849976,73800
7/29/2013,1976.30603,78700
7/30/2013,1990.063965,77200
7/31/2013,1993.79895,70200
8/1/2013,2029.067017,91200
8/2/2013,2029.417969,93600
8/5/2013,2050.480957,85500
8/6/2013,2060.5,105600
8/7/2013,2046.777954,107700
8/8/2013,2044.89502,84100
8/9/2013,2052.235107,95300
8/12/2013,2101.282959,135100
8/13/2013,2106.156006,117700
8/14/2013,2100.136963,114400
8/15/2013,2081.879883,99400
8/16/2013,2068.451904,153100
8/19/2013,2085.602051,97400
8/20/2013,2072.594971,107400
8/21/2013,2072.960938,87400
8/22/2013,2067.124023,90900
8/23/2013,2057.458008,112400
8/26/2013,2096.474121,119900
8/27/2013,2103.565918,126400
8/28/2013,2101.301025,161400
8/29/2013,2097.227051,133200
8/30/2013,2098.38208,170000
9/2/2013,2098.447998,149200
9/3/2013,2123.112061,138800
9/4/2013,2127.61792,142000
9/5/2013,2122.429932,126500
9/6/2013,2139.99292,143200
9/9/2013,2212.516113,219400
9/10/2013,2237.983887,237200
9/11/2013,2241.268066,244300
9/12/2013,2255.604004,209700
9/13/2013,2236.217041,172000
9/16/2013,2231.400879,154800
9/17/2013,2185.560059,154500
9/18/2013,2191.851074,115100
9/23/2013,2221.043945,133200
9/24/2013,2207.531006,160400
9/25/2013,2198.514893,160200
9/26/2013,2155.809082,140400
9/27/2013,2160.0271,105400
9/30/2013,2174.665039,92800
10/8/2013,2198.198975,126700
10/9/2013,2211.769043,130900
10/10/2013,2190.928955,149800
10/11/2013,2228.145996,156900
10/14/2013,2237.772949,166000
10/15/2013,2233.412109,153700
10/16/2013,2193.073975,154600
10/17/2013,2188.541992,126800
10/18/2013,2193.780029,103700
10/21/2013,2229.237061,136700
10/22/2013,2210.6521,149100
10/23/2013,2183.106934,146300
10/24/2013,2164.322021,103000
10/25/2013,2132.955078,113900
10/28/2013,2133.868896,88400
10/29/2013,2128.864014,143100
10/30/2013,2160.462891,119600
10/31/2013,2141.614014,108100
11/1/2013,2149.562012,89100
11/4/2013,2149.634033,76100
11/5/2013,2157.23999,91900
11/6/2013,2139.606934,100500
11/7/2013,2129.399902,81800
11/8/2013,2106.126953,83100
11/11/2013,2109.470947,69700
11/12/2013,2126.771973,79400
11/13/2013,2087.940918,88300
11/14/2013,2100.506104,83800
11/15/2013,2135.826904,125900
11/18/2013,2197.218994,157500
11/19/2013,2193.125,125000
11/20/2013,2206.613037,119000
11/21/2013,2205.766113,137200
11/22/2013,2196.37793,113800
11/25/2013,2186.11499,108300
11/26/2013,2183.072998,100500
11/27/2013,2201.070068,115400
11/28/2013,2219.37207,134500
11/29/2013,2220.503906,107000
12/2/2013,2207.371094,174300
12/3/2013,2222.669922,113500
12/4/2013,2251.761963,157300
12/5/2013,2247.062988,122000
12/6/2013,2237.10791,103700
12/9/2013,2238.199951,93300
12/10/2013,2237.491943,109000
12/11/2013,2204.166016,109400
12/12/2013,2202.795898,86100
12/13/2013,2196.074951,85100
12/16/2013,2160.861084,101400
12/17/2013,2151.079102,78600
12/18/2013,2148.284912,64200
12/19/2013,2127.791992,73100
12/20/2013,2084.793945,86800
12/23/2013,2089.707031,68100
12/24/2013,2092.905029,70300
12/25/2013,2106.354004,65200
12/26/2013,2073.099121,78500
12/27/2013,2101.250977,76800
12/30/2013,2097.529053,74100
12/31/2013,2115.978027,80500
1/2/2014,2109.386963,68500
1/3/2014,2083.13501,84500
1/6/2014,2045.708984,89600
1/7/2014,2047.317017,63400
1/8/2014,2044.339966,71600
1/9/2014,2027.621948,75900
1/10/2014,2013.297974,75600
1/13/2014,2009.563965,66500
1/14/2014,2026.842041,70400
1/15/2014,2023.348022,67400
1/16/2014,2023.70105,72800
1/17/2014,2004.948975,67300
1/20/2014,1991.253052,56300
1/21/2014,2008.312988,59800
1/22/2014,2051.749023,98900
1/23/2014,2042.180054,84200
1/24/2014,2054.39209,92900
1/27/2014,2033.300049,88800
1/28/2014,2038.512939,72500
1/29/2014,2049.914063,73900
1/30/2014,2033.083008,62600
2/7/2014,2044.496948,73600
2/10/2014,2086.066895,124300
2/11/2014,2103.670898,142200
2/12/2014,2109.955078,126300
2/13/2014,2098.400879,146500
2/14/2014,2115.8479,111500
2/17/2014,2135.415039,140200
2/18/2014,2119.065918,142900
2/19/2014,2142.553955,151300
2/20/2014,2138.781982,157100
2/21/2014,2113.693115,117700
2/24/2014,2076.686035,123600
2/25/2014,2034.218994,140100
2/26/2014,2041.254028,110100
2/27/2014,2047.354004,132200
2/28/2014,2056.302002,111600
3/3/2014,2075.235107,127500
3/4/2014,2071.4729,115900
3/5/2014,2053.083984,107700
3/6/2014,2059.577881,109300
3/7/2014,2057.907959,103700
3/10/2014,1999.064941,115700
3/11/2014,2001.156982,92700
3/12/2014,1997.692017,101400
3/13/2014,2019.110962,101000
3/14/2014,2004.338989,87800
3/17/2014,2023.672974,86300
3/18/2014,2025.196045,96800
3/19/2014,2021.734009,95200
3/20/2014,1993.479004,110300
3/21/2014,2047.619019,144500
3/24/2014,2066.279053,147700
3/25/2014,2067.311035,131800
3/26/2014,2063.669922,102600
3/27/2014,2046.588013,119100
3/28/2014,2041.712036,121700
3/31/2014,2033.30603,94400
4/1/2014,2047.459961,83300
4/2/2014,2058.988037,102700
4/3/2014,2043.702026,108600
4/4/2014,2058.831055,83200
4/8/2014,2098.283936,133400
4/9/2014,2105.237061,105300
4/10/2014,2134.300049,156800
4/11/2014,2130.541992,131800
4/14/2014,2131.539063,102100
4/15/2014,2101.601074,107500
4/16/2014,2105.12207,89400
4/17/2014,2098.88501,89900
4/18/2014,2097.748047,88200
4/21/2014,2065.825928,96400
4/22/2014,2072.831055,98700
4/23/2014,2067.38208,78500
4/24/2014,2057.032959,78200
4/25/2014,2036.519043,93000
4/28/2014,2003.487061,89800
4/29/2014,2020.340942,76200
4/30/2014,2026.358032,74500
5/5/2014,2027.353027,79900
5/6/2014,2028.037964,74600
5/7/2014,2010.083008,74400
5/8/2014,2015.274048,77900
5/9/2014,2011.13501,76200
5/12/2014,2052.871094,115700
5/13/2014,2050.728027,97200
5/14/2014,2047.910034,72000
5/15/2014,2024.973999,75800
5/16/2014,2026.504028,66400
5/19/2014,2005.182983,65300
5/20/2014,2008.119019,61300
5/21/2014,2024.95105,61800
5/22/2014,2021.285034,74700
5/23/2014,2034.56897,63500
5/26/2014,2041.475952,70300
5/27/2014,2034.564941,67600
5/28/2014,2050.228027,81300
5/29/2014,2040.594971,81200
5/30/2014,2039.212036,75100
6/3/2014,2038.305054,71600
6/4/2014,2024.833984,72400
6/5/2014,2040.878052,68000
6/6/2014,2029.956055,66000
6/9/2014,2030.501953,64800
6/10/2014,2052.531982,79600
6/11/2014,2054.947998,74400
6/12/2014,2051.712891,81700
6/13/2014,2070.715088,97200
6/16/2014,2085.98291,95900
6/17/2014,2066.697998,87800
6/18/2014,2055.519043,87200
6/19/2014,2023.734985,92900
6/20/2014,2026.67395,67200
6/23/2014,2024.36499,70500
6/24/2014,2033.93103,71200
6/25/2014,2025.501953,67500
6/26/2014,2038.677002,81000
6/27/2014,2036.51001,97600
6/30/2014,2048.326904,96700
7/1/2014,2050.381104,98500
7/2/2014,2059.417969,109600
7/3/2014,2063.229004,122900
7/4/2014,2059.375,105000
7/7/2014,2059.927002,97200
7/8/2014,2064.020996,95100
7/9/2014,2038.612061,113300
7/10/2014,2038.342041,97900
7/11/2014,2046.96106,105100
7/14/2014,2066.645996,115100
7/15/2014,2070.356934,124500
7/16/2014,2067.275879,137100
7/17/2014,2055.591064,104500
7/18/2014,2059.066895,106600
7/21/2014,2054.479004,93900
7/22/2014,2075.480957,123200
7/23/2014,2078.489014,137300
7/24/2014,2105.062012,165700
7/25/2014,2126.614014,142500
7/28/2014,2177.947998,236200
7/29/2014,2183.191895,200300
7/30/2014,2181.24292,184900
7/31/2014,2201.562012,164700
8/1/2014,2185.302979,191500
8/4/2014,2223.331055,174100
8/5/2014,2219.945068,175400
8/6/2014,2217.465088,177700
8/7/2014,2187.668945,175200
8/8/2014,2194.425049,135200
8/11/2014,2224.654053,150600
8/12/2014,2221.594971,154800
8/13/2014,2222.876953,178100
8/14/2014,2206.466064,170100
8/15/2014,2226.733887,150000
8/18/2014,2239.466064,163900
8/19/2014,2245.330078,177700
8/20/2014,2240.210938,167700
8/21/2014,2230.458008,165700
8/22/2014,2240.812012,160100
8/25/2014,2229.273926,162100
8/26/2014,2207.105957,163500
8/27/2014,2209.465088,120900
8/28/2014,2195.818115,124200
8/29/2014,2217.199951,105200
9/1/2014,2235.510986,129200
9/2/2014,2266.045898,192100
9/3/2014,2288.626953,212500
9/4/2014,2306.862061,199500
9/5/2014,2326.431885,213200
9/9/2014,2326.5271,197000
9/10/2014,2318.304932,189800
9/11/2014,2311.678955,222200
9/12/2014,2331.949951,193500
9/15/2014,2339.139893,215100
9/16/2014,2296.554932,302700
9/17/2014,2307.893066,210800
9/18/2014,2315.927979,189100
9/19/2014,2329.450928,174600
9/22/2014,2289.865967,175800
9/23/2014,2309.718018,156900
9/24/2014,2343.574951,222500
9/25/2014,2345.103027,225700
9/26/2014,2347.718018,174700
9/29/2014,2357.710938,200100
9/30/2014,2363.870117,193900
10/8/2014,2382.793945,204400
10/9/2014,2389.371094,235900
10/10/2014,2374.540039,224700
10/13/2014,2366.009033,200900
10/14/2014,2359.475098,196800
10/15/2014,2373.669922,202800
10/16/2014,2356.499023,248200
10/17/2014,2341.184082,212300
10/20/2014,2356.728027,160000
10/21/2014,2339.656982,168800
10/22/2014,2326.552979,152700
10/23/2014,2302.417969,162600
10/24/2014,2302.280029,132200
10/27/2014,2290.437012,130300
10/28/2014,2337.871094,178600
10/29/2014,2373.030029,265600
10/30/2014,2391.075928,294600
10/31/2014,2420.177979,325800
11/3/2014,2430.970947,298800
11/4/2014,2430.737061,309000
11/5/2014,2420.395996,263600
11/6/2014,2425.809082,222000
11/7/2014,2419.145996,291200
11/10/2014,2473.183105,300600
11/11/2014,2470.594971,411900
11/12/2014,2494.275879,252900
11/13/2014,2486.669922,295000
11/14/2014,2479.185059,220600
11/17/2014,2475.120117,215700
11/18/2014,2457.529053,201100
11/19/2014,2451.166992,186200
11/20/2014,2452.616943,165500
11/21/2014,2487.111084,212200
11/24/2014,2533.887939,363500
11/25/2014,2567.596924,314300
11/26/2014,2604.886963,337100
11/27/2014,2630.045898,364100
11/28/2014,2682.918945,465900
12/1/2014,2680.73999,446800
12/2/2014,2763.316895,437700
12/3/2014,2779.736084,562100
12/4/2014,2900.362061,532700
12/5/2014,2938.781006,640500
12/8/2014,3021.523926,587600
12/9/2014,2859.918945,772000
12/10/2014,2940.876953,512900
12/11/2014,2925.74292,482600
12/12/2014,2938.173096,409500
12/15/2014,2953.420898,400400
12/16/2014,3021.518066,453800
12/17/2014,3061.02002,542500
12/18/2014,3057.520996,435900
12/19/2014,3108.595947,521100
12/22/2014,3127.445068,679400
12/23/2014,3032.612061,437800
12/24/2014,2972.531982,376800
12/25/2014,null,null
12/26/2014,3157.603027,460700
12/29/2014,3168.016113,510100
12/30/2014,3165.814941,397700
12/31/2014,3234.677002,406000
1/5/2015,3350.519043,531400
1/6/2015,3351.446045,501700
1/7/2015,3373.954102,391900
1/8/2015,3293.456055,371100
1/9/2015,3285.412109,410200
1/12/2015,3229.315918,322100
1/13/2015,3235.301025,230700
1/14/2015,3222.437012,240200
1/15/2015,3336.455078,282500
1/16/2015,3376.495117,339900
1/19/2015,3116.351074,401100
1/20/2015,3173.052002,357100
1/21/2015,3323.611084,411000
1/22/2015,3343.343994,353400
1/23/2015,3351.763916,366200
1/26/2015,3383.181885,317500
1/27/2015,3352.959961,374500
1/28/2015,3305.738037,301900
1/29/2015,3262.304932,274700
1/30/2015,3210.363037,258300
2/2/2015,3128.300049,250900
2/3/2015,3204.906982,248200
2/4/2015,3174.125977,249100
2/5/2015,3136.531006,306100
2/6/2015,3075.906982,246700
2/9/2015,3095.124023,206100
2/10/2015,3141.593018,193800
2/11/2015,3157.704102,172800
2/12/2015,3173.416016,194600
2/13/2015,3203.826904,261300
2/16/2015,3222.363037,223800
2/17/2015,3246.906006,228300
2/25/2015,3228.843018,233300
2/26/2015,3298.358887,301300
2/27/2015,3310.302979,299200
3/2/2015,3336.284912,346400
3/3/2015,3263.052002,382000
3/4/2015,3279.532959,293600
3/5/2015,3248.476074,320700
3/6/2015,3241.187012,282900
3/9/2015,3302.407959,321500
3/10/2015,3286.068115,285800
3/11/2015,3290.899902,283000
3/12/2015,3349.322998,357300
3/13/2015,3372.910889,328400
3/16/2015,3449.304932,399100
3/17/2015,3502.846924,520900
3/18/2015,3577.301025,545200
3/19/2015,3582.270996,537300
3/20/2015,3617.318115,516700
3/23/2015,3687.728027,536100
3/24/2015,3691.409912,639600
3/25/2015,3660.727051,521900
3/26/2015,3682.094971,488600
3/27/2015,3691.095947,408900
3/30/2015,3786.568115,564700
3/31/2015,3747.898926,561700
4/1/2015,3810.293945,447500
4/2/2015,3825.783936,479300
4/3/2015,3863.928955,473000
4/7/2015,3961.37793,570400
4/8/2015,3994.811035,618100
4/9/2015,3957.533936,585200
4/10/2015,4034.310059,484300
4/13/2015,4121.714844,589800
4/14/2015,4135.564941,610700
4/15/2015,4084.163086,613000
4/16/2015,4194.823242,551200
4/17/2015,4287.295898,701700
4/20/2015,4217.077148,857100
4/21/2015,4293.623047,634500
4/22/2015,4398.494141,680300
4/23/2015,4414.507813,667300
4/24/2015,4393.686035,628600
4/27/2015,4527.395996,671100
4/28/2015,4476.214844,767700
4/29/2015,4476.620117,519800
4/30/2015,4441.654785,526700
5/4/2015,4480.463867,494200
5/5/2015,4298.706055,572900
5/6/2015,4229.266113,481700
5/7/2015,4112.213867,394600
5/8/2015,4205.916992,397400
5/11/2015,4333.583984,488800
5/12/2015,4401.219238,521900
5/13/2015,4375.759766,510500
5/14/2015,4378.311035,449100
5/15/2015,4308.690918,439700
5/18/2015,4283.491211,380100
5/19/2015,4417.551758,436700
5/20/2015,4446.288086,514100
5/21/2015,4529.421875,465000
5/22/2015,4657.596191,655600
5/25/2015,4813.797852,682500
5/26/2015,4910.896973,704900
5/27/2015,4941.713867,681200
5/28/2015,4620.266113,783000
5/29/2015,4611.744141,611300
6/1/2015,4828.737793,593400
6/2/2015,4910.526855,623700
6/3/2015,4909.978027,611500
6/4/2015,4947.102051,675000
6/5/2015,5023.096191,772200
6/8/2015,5131.880859,855000
6/9/2015,5113.53418,729900
6/10/2015,5106.036133,597000
6/11/2015,5121.592773,564000
6/12/2015,5166.350098,625600
6/15/2015,5062.993164,637800
6/16/2015,4887.432129,550800
6/17/2015,4967.897949,537100
6/18/2015,4785.355957,507400
6/19/2015,4478.36377,452700
6/23/2015,4576.492188,473500
6/24/2015,4690.149902,543000
6/25/2015,4527.778809,572800
6/26/2015,4192.873047,565200
6/29/2015,4053.030029,673800
6/30/2015,4277.222168,709200
7/1/2015,4053.699951,598800
7/2/2015,3912.76709,586000
7/3/2015,3686.915039,548200
7/6/2015,3775.912109,831100
7/7/2015,3727.125,698800
7/8/2015,3507.191895,680400
7/9/2015,3709.330078,656900
7/10/2015,3877.802979,586400
7/13/2015,3970.387939,643500
7/14/2015,3924.487061,670600
7/15/2015,3805.702881,601300
7/16/2015,3823.176025,492300
7/17/2015,3957.352051,481700
7/20/2015,3992.110107,539100
7/21/2015,4017.675049,504300
7/22/2015,4026.044922,520700
7/23/2015,4123.922852,563600
7/24/2015,4070.907959,627400
7/27/2015,3725.558105,556000
7/28/2015,3663.001953,563300
7/29/2015,3789.167969,434400
7/30/2015,3705.766113,457900
7/31/2015,3663.726074,351000
8/3/2015,3622.905029,364000
8/4/2015,3756.544922,362900
8/5/2015,3694.572998,366400
8/6/2015,3661.539063,274100
8/7/2015,3744.205078,340800
8/10/2015,3928.415039,497300
8/11/2015,3927.907959,538900
8/12/2015,3886.320068,442700
8/13/2015,3954.555908,430100
8/14/2015,3965.334961,468000
8/17/2015,3993.667969,460400
8/18/2015,3748.164063,543800
8/19/2015,3794.108887,475400
8/20/2015,3664.291016,390100
8/21/2015,3507.743896,369900
8/24/2015,3209.905029,334700
8/25/2015,2964.967041,352300
8/26/2015,2927.288086,466700
8/27/2015,3083.591064,400300
8/28/2015,3232.350098,443100
8/31/2015,3205.986084,397400
9/1/2015,3166.624023,432400
9/2/2015,3160.166992,438200
9/7/2015,3080.419922,296500
9/8/2015,3170.451904,255400
9/9/2015,3243.089111,375300
9/10/2015,3197.893066,273300
9/11/2015,3200.233887,224600
9/14/2015,3114.798096,346600
9/15/2015,3005.172119,249200
9/16/2015,3152.262939,277500
9/17/2015,3086.061035,317600
9/18/2015,3097.916992,209200
9/21/2015,3156.540039,239900
9/22/2015,3185.618896,274800
9/23/2015,3115.887939,236300
9/24/2015,3142.687012,212900
9/25/2015,3092.346924,236300
9/28/2015,3100.756104,156700
9/29/2015,3038.136963,163200
9/30/2015,3052.781006,146600
10/8/2015,3143.356934,234300
10/9/2015,3183.1521,234900
10/12/2015,3287.662109,386300
10/13/2015,3293.22998,297200
10/14/2015,3262.440918,295100
10/15/2015,3338.072998,316300
10/16/2015,3391.352051,395500
10/19/2015,3386.699951,378100
10/20/2015,3425.330078,319000
10/21/2015,3320.676025,458500
10/22/2015,3368.739014,323700
10/23/2015,3412.434082,347400
10/26/2015,3429.581055,365600
10/27/2015,3434.335938,328200
10/28/2015,3375.196045,293500
10/29/2015,3387.314941,235700
10/30/2015,3382.561035,243600
11/2/2015,3325.084961,231000
11/3/2015,3316.695068,192900
11/4/2015,3459.639893,339100
11/5/2015,3522.819092,553300
11/6/2015,3590.031982,429200
11/9/2015,3646.881104,503000
11/10/2015,3640.485107,429700
11/11/2015,3650.249023,361000
11/12/2015,3632.9021,361700
11/13/2015,3580.839111,345900
11/16/2015,3606.957031,276200
11/17/2015,3604.794922,383600
11/18/2015,3568.468018,297600
11/19/2015,3617.062012,247900
11/20/2015,3630.5,310800
11/23/2015,3610.314941,316000
11/24/2015,3616.113037,248800
11/25/2015,3647.929932,273000
11/26/2015,3635.552002,306800
11/27/2015,3436.302979,354300
11/30/2015,3445.405029,304200
12/1/2015,3456.309082,252400
12/2/2015,3536.905029,301500
12/3/2015,3584.823975,281100
12/4/2015,3524.991943,251700
12/7/2015,3536.927002,208300
12/8/2015,3470.070068,224400
12/9/2015,3472.438965,195700
12/10/2015,3455.495117,200400
12/11/2015,3434.581055,182900
12/14/2015,3520.667969,215400
12/15/2015,3510.354004,200500
12/16/2015,3516.187012,193500
12/17/2015,3579.999023,283900
12/18/2015,3578.964111,273700
12/21/2015,3642.471924,299800
12/22/2015,3651.76709,261200
12/23/2015,3636.089111,298200
12/24/2015,3612.485107,227800
12/25/2015,3628.000977,192500
12/28/2015,3533.779053,270000
12/29/2015,3563.736084,182600
12/30/2015,3572.875977,187900
12/31/2015,3539.181885,177000
1/4/2016,3296.258057,184400
1/5/2016,3287.710938,266900
1/6/2016,3361.840088,238900
1/7/2016,3125.001953,70600
1/8/2016,3186.412109,286400
1/11/2016,3016.704102,271600
1/12/2016,3022.861084,207700
1/13/2016,2949.596924,194300
1/14/2016,3007.648926,212900
1/15/2016,2900.969971,198700
1/18/2016,2913.836914,164700
1/19/2016,3007.739014,205300
1/20/2016,2976.694092,216500
1/21/2016,2880.481934,191700
1/22/2016,2916.562012,159800
1/25/2016,2938.514893,153000
1/26/2016,2749.784912,210800
1/27/2016,2735.558105,215700
1/28/2016,2655.660889,171100
1/29/2016,2737.600098,186700
2/1/2016,2688.854004,156400
2/2/2016,2749.570068,158100
2/3/2016,2739.24707,148400
2/4/2016,2781.022949,170400
2/5/2016,2763.491943,141200
2/15/2016,2746.196045,129300
2/16/2016,2836.571045,196000
2/17/2016,2867.337891,216900
2/18/2016,2862.893066,219200
2/19/2016,2860.020996,163400
2/22/2016,2927.175049,232200
2/23/2016,2903.331055,199700
2/24/2016,2928.895996,213400
2/25/2016,2741.245117,270300
2/26/2016,2767.209961,191100
2/29/2016,2687.979004,207400
3/1/2016,2733.169922,187200
3/2/2016,2849.680908,271000
3/3/2016,2859.758057,287500
3/4/2016,2874.146973,312500
3/7/2016,2897.340088,217500
3/8/2016,2901.386963,233500
3/9/2016,2862.555908,183400
3/10/2016,2804.726074,139000
3/11/2016,2810.306885,127200
3/14/2016,2859.499023,194800
3/15/2016,2864.36792,163400
3/16/2016,2870.429932,186500
3/17/2016,2904.832031,200300
3/18/2016,2955.149902,313300
3/21/2016,3018.802002,352400
3/22/2016,2999.363037,270400
3/23/2016,3009.959961,217000
3/24/2016,2960.969971,237000
3/25/2016,2979.125977,169800
3/28/2016,2957.820068,202000
3/29/2016,2919.832031,183000
3/30/2016,3000.64502,210400
3/31/2016,3003.915039,220400
4/1/2016,3009.530029,206500
4/5/2016,3053.064941,256700
4/6/2016,3050.592041,232300
4/7/2016,3008.419922,220900
4/8/2016,2984.958008,187900
4/11/2016,3033.957031,220000
4/12/2016,3023.645996,182700
4/13/2016,3066.637939,310000
4/14/2016,3082.362061,208200
4/15/2016,3078.116943,189600
4/18/2016,3033.659912,183300
4/19/2016,3042.822998,156500
4/20/2016,2972.583984,283100
4/21/2016,2952.891113,189400
4/22/2016,2959.23999,137200
4/25/2016,2946.669922,125900
4/26/2016,2964.699951,117700
4/27/2016,2953.670898,130900
4/28/2016,2945.589111,138700
4/29/2016,2938.323975,109300
5/3/2016,2992.643066,168700
5/4/2016,2991.271973,165400
5/5/2016,2997.842041,144800
5/6/2016,2913.248047,206800
5/9/2016,2832.113037,180400
5/10/2016,2832.591064,120800
5/11/2016,2837.037109,135800
5/12/2016,2835.862061,136300
5/13/2016,2827.108887,114300
5/16/2016,2850.862061,114700
5/17/2016,2843.684082,123400
5/18/2016,2807.513916,140500
5/19/2016,2806.906006,111600
5/20/2016,2825.48291,108700
5/23/2016,2843.64502,120500
5/24/2016,2821.666016,111500
5/25/2016,2815.085938,103500
5/26/2016,2822.443115,114800
5/27/2016,2821.045898,109800
5/30/2016,2822.450928,106300
5/31/2016,2916.615967,215300
6/1/2016,2913.508057,188400
6/2/2016,2925.229004,159700
6/3/2016,2938.681885,172000
6/6/2016,2934.0979,142000
6/7/2016,2936.044922,133000
6/8/2016,2927.158936,143000
6/13/2016,2833.071045,169300
6/14/2016,2842.188965,119800
6/15/2016,2887.209961,166700
6/16/2016,2872.816895,173900
6/17/2016,2885.10498,171500
6/20/2016,2888.809082,136600
6/21/2016,2878.558105,164400
6/22/2016,2905.550049,130600
6/23/2016,2891.959961,136100
6/24/2016,2854.285889,190800
6/27/2016,2895.702881,156700
6/28/2016,2912.556885,173900
6/29/2016,2931.592041,193200
6/30/2016,2929.605957,154500
7/1/2016,2932.476074,141200
7/4/2016,2988.604004,222000
7/5/2016,3006.39209,235200
7/6/2016,3017.291992,212400
7/7/2016,3016.846924,222700
7/8/2016,2988.093994,169000
7/11/2016,2994.916992,224300
7/12/2016,3049.381104,259500
7/13/2016,3060.688965,253700
7/14/2016,3054.018066,180200
7/15/2016,3054.295898,172900
7/18/2016,3043.563965,177500
7/19/2016,3036.5979,155400
7/20/2016,3027.899902,138200
7/21/2016,3039.009033,163800
7/22/2016,3012.815918,162000
7/25/2016,3015.827881,144200
7/26/2016,3050.166016,156700
7/27/2016,2991.999023,280200
7/28/2016,2994.322998,190600
7/29/2016,2979.339111,150100
8/1/2016,2953.38501,147400
8/2/2016,2971.279053,115500
8/3/2016,2978.460938,141100
8/4/2016,2982.426025,133900
8/5/2016,2976.696045,141900
8/8/2016,3004.2771,155700
8/9/2016,3025.680908,170000
8/10/2016,3018.746094,164700
8/11/2016,3002.637939,161900
8/12/2016,3050.666992,168200
8/15/2016,3125.195068,297600
8/16/2016,3110.037109,278300
8/17/2016,3109.554932,213800
8/18/2016,3104.114014,229400
8/19/2016,3108.102051,194300
8/22/2016,3084.804932,185400
8/23/2016,3089.706055,161400
8/24/2016,3085.879883,145700
8/25/2016,3068.329102,174000
8/26/2016,3070.309082,149700
8/29/2016,3070.0271,144500
8/30/2016,3074.677002,140400
8/31/2016,3085.490967,141400
9/1/2016,3063.304932,155200
9/2/2016,3067.352051,150400
9/5/2016,3072.094971,145000
9/6/2016,3090.712891,172900
9/7/2016,3091.927979,187000
9/8/2016,3095.954102,145900
9/9/2016,3078.85498,160700
9/12/2016,3021.977051,206000
9/13/2016,3023.51001,135400
9/14/2016,3002.849121,133400
9/19/2016,3026.051025,119200
9/20/2016,3023,118900
9/21/2016,3025.874023,115700
9/22/2016,3042.312988,139300
9/23/2016,3033.895996,125600
9/26/2016,2980.429932,144300
9/27/2016,2998.172119,121700
9/28/2016,2987.85791,104600
9/29/2016,2998.48291,113200
9/30/2016,3004.702881,101300
10/10/2016,3048.143066,160100
10/11/2016,3065.25,167300
10/12/2016,3058.498047,142500
10/13/2016,3061.345947,154800
10/14/2016,3063.809082,155400
10/17/2016,3041.166016,163700
10/18/2016,3083.875,182000
10/19/2016,3084.718994,182500
10/20/2016,3084.458008,160700
10/21/2016,3090.940918,187400
10/24/2016,3128.24707,240500
10/25/2016,3131.938965,203400
10/26/2016,3116.312012,191700
10/27/2016,3112.350098,158000
10/28/2016,3104.27002,181800
10/31/2016,3100.491943,151500
11/1/2016,3122.436035,160200
11/2/2016,3102.73291,182700
11/3/2016,3128.936035,223000
11/4/2016,3125.316895,197700
11/7/2016,3133.333008,179400
11/8/2016,3147.887939,190800
11/9/2016,3128.370117,241100
11/10/2016,3171.281982,244200
11/11/2016,3196.043945,310900
11/14/2016,3210.371094,329600
11/15/2016,3206.986084,240900
11/16/2016,3205.056885,221800
11/17/2016,3208.452881,214200
11/18/2016,3192.855957,209800
11/21/2016,3218.147949,230700
11/22/2016,3248.352051,261600
11/23/2016,3241.136963,250000
11/24/2016,3241.736084,232300
11/25/2016,3261.937988,233900
11/28/2016,3277,281600
11/29/2016,3282.924072,320800
11/30/2016,3250.033936,243600
12/1/2016,3273.309082,237800
12/2/2016,3243.843018,259600
12/5/2016,3204.708984,223000
12/6/2016,3199.646973,157600
12/7/2016,3222.241943,169100
12/8/2016,3215.365967,170700
12/9/2016,3232.883057,204000
12/12/2016,3152.969971,274700
12/13/2016,3155.037109,185200
12/14/2016,3140.531006,201400
12/15/2016,3117.677002,190000
12/16/2016,3122.981934,165000
12/19/2016,3118.084961,154200
12/20/2016,3102.875977,157400
12/21/2016,3137.429932,186700
12/22/2016,3139.558105,167800
12/23/2016,3110.154053,166200
12/26/2016,3122.569092,152600
12/27/2016,3114.664063,141500
12/28/2016,3102.236084,135700
12/29/2016,3096.096924,132600
12/30/2016,3103.636963,133300
1/3/2017,3135.920898,141600
1/4/2017,3158.793945,167900
1/5/2017,3165.410889,174700
1/6/2017,3154.321045,183700
1/9/2017,3171.236084,171700
1/10/2017,3161.670898,179800
1/11/2017,3136.753906,178400
1/12/2017,3119.289063,148900
1/13/2017,3112.763916,156300
1/16/2017,3103.427979,257900
1/17/2017,3108.774902,136200
1/18/2017,3113.011963,131800
1/19/2017,3101.299072,123900
1/20/2017,3123.138916,122400
1/23/2017,3136.774902,132700
1/24/2017,3142.552979,126000
1/25/2017,3149.554932,112100
1/26/2017,3159.166016,113900
2/3/2017,3140.169922,92200
2/6/2017,3156.983887,127200
2/7/2017,3153.087891,128300
2/8/2017,3166.981934,144900
2/9/2017,3183.178955,191600
2/10/2017,3196.698975,239300
2/13/2017,3216.839111,220200
2/14/2017,3217.927979,188800
2/15/2017,3212.986084,241500
2/16/2017,3229.61792,217000
2/17/2017,3202.075928,226200
2/20/2017,3239.960938,232200
2/21/2017,3253.325928,211700
2/22/2017,3261.218018,207500
2/23/2017,3251.375,209200
2/24/2017,3253.433105,186400
2/27/2017,3228.659912,182600
2/28/2017,3241.73291,151200
3/1/2017,3246.934082,190700
3/2/2017,3230.028076,181200
3/3/2017,3218.312012,157100
3/6/2017,3233.865967,156100
3/7/2017,3242.406006,164100
3/8/2017,3240.665039,160700
3/9/2017,3216.746094,167400
3/10/2017,3212.76001,136700
3/13/2017,3237.023926,163700
3/14/2017,3239.327881,146900
3/15/2017,3241.76001,144100
3/16/2017,3268.935059,189400
3/17/2017,3237.447021,200600
3/20/2017,3250.808105,170500
3/21/2017,3261.611084,162700
3/22/2017,3245.219971,189700
3/23/2017,3248.550049,193000
3/24/2017,3269.445068,219800
3/27/2017,3266.955078,201900
3/28/2017,3252.947998,161700
3/29/2017,3241.313965,216100
3/30/2017,3210.237061,247100
3/31/2017,3222.513916,196400
4/5/2017,3270.304932,248300
4/6/2017,3281.004883,245300
4/7/2017,3286.615967,236100
4/10/2017,3269.393066,232700
4/11/2017,3288.966064,281300
4/12/2017,3273.830078,269400
4/13/2017,3275.959961,207300
4/14/2017,3244.48291,208100
4/17/2017,3222.166992,212700
4/18/2017,3196.712891,188700
4/19/2017,3170.687012,213200
4/20/2017,3172.100098,190900
4/21/2017,3173.150879,164800
4/24/2017,3129.531006,186300
4/25/2017,3134.566895,153400
4/26/2017,3140.846924,169900
4/27/2017,3152.187012,211800
4/28/2017,3154.657959,162900
5/2/2017,3143.711914,154200
5/3/2017,3135.345947,163800
5/4/2017,3127.368896,178000
5/5/2017,3103.038086,176200
5/8/2017,3078.613037,180500
5/9/2017,3080.5271,135100
5/10/2017,3052.784912,160800
5/11/2017,3061.5,191300
5/12/2017,3083.512939,159700
5/15/2017,3090.229004,135700
5/16/2017,3112.964111,173800
5/17/2017,3104.441895,168700
5/18/2017,3090.138916,148600
5/19/2017,3090.631104,129600
5/22/2017,3075.676025,153700
5/23/2017,3061.947021,178300
5/24/2017,3064.075928,139800
5/25/2017,3107.831055,191400
5/26/2017,3110.059082,155900
5/31/2017,3117.177979,153000
6/1/2017,3102.623047,163000
6/2/2017,3105.540039,142500
6/5/2017,3091.656006,132600
6/6/2017,3102.125977,113400
6/7/2017,3140.324951,173200
6/8/2017,3150.333984,152300
6/9/2017,3158.399902,160100
6/12/2017,3139.876953,146700
6/13/2017,3153.74292,128300
6/14/2017,3130.674072,138300
6/15/2017,3132.486084,147000
6/16/2017,3123.166016,129700
6/19/2017,3144.374023,134900
6/20/2017,3140.013916,141200
6/21/2017,3156.211914,136700
6/22/2017,3147.452881,191300
6/23/2017,3157.873047,154800
6/26/2017,3185.444092,173600
6/27/2017,3191.197021,148200
6/28/2017,3173.200928,146500
6/29/2017,3188.062988,128800
6/30/2017,3192.427002,121500
7/3/2017,3195.912109,140300
7/4/2017,3182.803955,141100
7/5/2017,3207.134033,148300
7/6/2017,3212.444092,175800
7/7/2017,3217.957031,176700
7/10/2017,3212.63208,198900
7/11/2017,3203.038086,187800
7/12/2017,3197.543945,186900
7/13/2017,3218.163086,195300
7/14/2017,3222.416992,160100
7/17/2017,3176.465088,266200
7/18/2017,3187.566895,190600
7/19/2017,3230.976074,272400
7/20/2017,3244.86499,232100
7/21/2017,3237.981934,206000
7/24/2017,3250.599121,233100
7/25/2017,3243.688965,205600
7/26/2017,3247.675049,213500
7/27/2017,3249.781006,228500
7/28/2017,3253.23999,182200
7/31/2017,3273.028076,246000
8/1/2017,3292.637939,237200
8/2/2017,3285.056885,266700
8/3/2017,3272.928955,233300
8/4/2017,3262.081055,275900
8/7/2017,3279.457031,231200
8/8/2017,3281.873047,252000
8/9/2017,3275.572998,235600
8/10/2017,3261.749023,240700
8/11/2017,3208.541016,263000
8/14/2017,3237.360107,190300
8/15/2017,3251.261963,182300
8/16/2017,3246.450928,176900
8/17/2017,3268.429932,203600
8/18/2017,3268.724121,191100
8/21/2017,3286.906006,186100
8/22/2017,3290.226074,186500
8/23/2017,3287.705078,179800
8/24/2017,3271.511963,163500
8/25/2017,3331.521973,205800
8/28/2017,3362.650879,257500
8/29/2017,3365.226074,219500
8/30/2017,3363.626953,246900
8/31/2017,3360.810059,234400
9/1/2017,3367.118896,282500
9/4/2017,3379.835938,259400
9/5/2017,3384.316895,216600
9/6/2017,3385.388916,229100
9/7/2017,3365.49707,221100
9/8/2017,3365.24292,198400
9/11/2017,3376.418945,219000
9/12/2017,3379.488037,272900
9/13/2017,3384.146973,194600
9/14/2017,3371.426025,221300
9/15/2017,3353.618896,219800
9/18/2017,3362.858887,190300
9/19/2017,3356.844971,191100
9/20/2017,3365.996094,192200
9/21/2017,3357.812012,197400
9/22/2017,3352.529053,179200
9/25/2017,3341.549072,169600
9/26/2017,3343.583008,132600
9/27/2017,3345.271973,143100
9/28/2017,3339.64209,149400
9/29/2017,3348.943115,144900
10/9/2017,3374.37793,191700
10/10/2017,3382.988037,179400
10/11/2017,3388.283936,181500
10/12/2017,3386.100098,161800
10/13/2017,3390.522949,140000
10/16/2017,3378.469971,174300
10/17/2017,3372.041016,125400
10/18/2017,3381.793945,157200
10/19/2017,3370.172119,158500
10/20/2017,3378.647949,127200
10/23/2017,3380.698975,130800
10/24/2017,3388.248047,139900
10/25/2017,3396.897949,123100
10/26/2017,3407.566895,183800
10/27/2017,3416.812012,170300
10/30/2017,3390.336914,208300
10/31/2017,3393.342041,153500
11/1/2017,3395.913086,180600
11/2/2017,3383.310059,166900
11/3/2017,3371.743896,172700
11/6/2017,3388.174072,154600
11/7/2017,3413.574951,190600
11/8/2017,3415.459961,185400
11/9/2017,3427.794922,158700
11/10/2017,3432.673096,189300
11/13/2017,3447.835938,205400
11/14/2017,3429.548096,196500
11/15/2017,3402.524902,168800
11/16/2017,3399.25,156700
11/17/2017,3382.907959,249500
11/20/2017,3392.398926,176500
11/21/2017,3410.498047,196900
11/22/2017,3430.464111,213600
11/23/2017,3352.989014,208800
11/24/2017,3353.821045,159600
11/27/2017,3322.22998,166400
11/28/2017,3333.656982,138200
11/29/2017,3337.862061,183800
11/30/2017,3317.187988,156600
12/1/2017,3317.616943,139200
12/4/2017,3309.61792,148100
12/5/2017,3303.675049,208300
12/6/2017,3293.965088,151600
12/7/2017,3272.053955,132100
12/8/2017,3289.991943,133200
12/11/2017,3322.196045,132000
12/12/2017,3280.813965,124600
12/13/2017,3303.037109,112000
12/14/2017,3292.438965,120500
12/15/2017,3266.136963,130900
12/18/2017,3267.922119,120700
12/19/2017,3296.538086,115100
12/20/2017,3287.605957,137700
12/21/2017,3300.059082,142100
12/22/2017,3297.062988,124000
12/25/2017,3280.839111,142500
12/26/2017,3306.125,142400
12/27/2017,3275.782959,162700
12/28/2017,3296.38501,175400
12/29/2017,3307.172119,141600
1/2/2018,3348.325928,202300
1/3/2018,3369.10791,213800
1/4/2018,3385.709961,207000
1/5/2018,3391.75,213100
1/8/2018,3409.47998,236200
1/9/2018,3413.899902,191500
1/10/2018,3421.833984,209100
1/11/2018,3425.344971,173800
1/12/2018,3428.940918,174100
1/15/2018,3410.488037,232000
1/16/2018,3436.593994,211500
1/17/2018,3444.670898,261000
1/18/2018,3474.753906,220000
1/19/2018,3487.864014,247500
1/22/2018,3501.362061,217500
1/23/2018,3546.504883,238700
1/24/2018,3559.465088,253000
1/25/2018,3548.306885,243400
1/26/2018,3558.128906,222700
1/29/2018,3523.000977,236000
1/30/2018,3488.009033,186400
1/31/2018,3480.833008,207300
2/1/2018,3446.97998,260500
2/2/2018,3462.081055,208100
2/5/2018,3487.49707,217700
2/6/2018,3370.6521,280600
2/7/2018,3309.26001,260900
2/8/2018,3262.050049,201300
2/9/2018,3129.851074,256400
2/12/2018,3154.125,153300
2/13/2018,3184.958984,151500
2/14/2018,3199.158936,100300
2/22/2018,3268.559082,138700
2/23/2018,3289.023926,145800
2/26/2018,3329.573975,188600
2/27/2018,3292.068115,174200
2/28/2018,3259.407959,151000
3/1/2018,3273.754883,159100
3/2/2018,3254.528076,150900
3/5/2018,3256.926025,144800
3/6/2018,3289.64209,195400
3/7/2018,3271.667969,168700
3/8/2018,3288.406006,149800
3/9/2018,3307.166016,168400
3/12/2018,3326.698975,206500
3/13/2018,3310.239014,177100
3/14/2018,3291.38208,157500
3/15/2018,3291.112061,148600
3/16/2018,3269.88208,141200
3/19/2018,3279.251953,138000
3/20/2018,3290.639893,139900
3/21/2018,3280.951904,168400
3/22/2018,3263.47998,150400
3/23/2018,3152.760986,275500
3/26/2018,3133.721924,186400
3/27/2018,3166.648926,189100
3/28/2018,3122.290039,163500
3/29/2018,3160.531006,170300
3/30/2018,3168.896973,154600
4/2/2018,3163.178955,177700
4/3/2018,3136.633057,152200
4/4/2018,3131.111084,147000
4/9/2018,3138.293945,139600
4/10/2018,3190.322021,168200
4/11/2018,3208.082031,175900
4/12/2018,3180.157959,148200
4/13/2018,3159.052002,127600
4/16/2018,3110.648926,154400
4/17/2018,3066.797119,147200
4/18/2018,3091.398926,159300
4/19/2018,3117.375977,160100
4/20/2018,3071.542969,155100
4/23/2018,3068.011963,131700
4/24/2018,3128.927002,162300
4/25/2018,3117.974121,127300
4/26/2018,3075.030029,134000
4/27/2018,3082.231934,131200
5/2/2018,3081.177002,134200
5/3/2018,3100.858887,140000
5/4/2018,3091.032959,118700
5/7/2018,3136.64502,138900
5/8/2018,3161.498047,146900
5/9/2018,3159.149902,122600
5/10/2018,3174.413086,133000
5/11/2018,3163.262939,130700
5/14/2018,3174.031982,129300
5/15/2018,3192.11792,124500
5/16/2018,3169.564941,130500
5/17/2018,3154.282959,114000
5/18/2018,3193.302979,136500
5/21/2018,3213.840088,164500
5/22/2018,3214.350098,144300
5/23/2018,3168.964111,157800
5/24/2018,3154.650879,124100
5/25/2018,3141.302979,128600
5/28/2018,3135.082031,128800
5/29/2018,3120.460938,135700
5/30/2018,3041.443115,155100
5/31/2018,3095.474121,140500
6/1/2018,3075.136963,129900
6/4/2018,3091.190918,114600
6/5/2018,3114.206055,118700
6/6/2018,3115.179932,120200
6/7/2018,3109.499023,127800
6/8/2018,3067.147949,134700
6/11/2018,3052.782959,108600
6/12/2018,3079.802002,113300
6/13/2018,3049.797119,119600
6/14/2018,3044.159912,115500
6/15/2018,3021.900879,144500
6/19/2018,2907.822021,230600
6/20/2018,2915.730957,144300
6/21/2018,2875.810059,154400
6/22/2018,2889.76001,126100
6/25/2018,2859.335938,121900
6/26/2018,2844.508057,125900
6/27/2018,2813.177979,129400
6/28/2018,2786.896973,118400
6/29/2018,2847.417969,125700
7/2/2018,2775.556885,137000
7/3/2018,2786.887939,142500
7/4/2018,2759.125977,123300
7/5/2018,2733.88208,129200
7/6/2018,2747.229004,136300
7/9/2018,2815.110107,121500
7/10/2018,2827.625,117100
7/11/2018,2777.770996,126800
7/12/2018,2837.658936,147000
7/13/2018,2831.184082,117700
7/16/2018,2814.041992,107800
7/17/2018,2798.125977,105400
7/18/2018,2787.25708,121000
7/19/2018,2772.544922,114500
7/20/2018,2829.270996,145900
7/23/2018,2859.541992,173400
7/24/2018,2905.562012,229600
7/25/2018,2903.646973,167800
7/26/2018,2882.225098,168400
7/27/2018,2873.593994,146400
7/30/2018,2869.050049,151700
7/31/2018,2876.400879,118900
8/1/2018,2824.533936,149500
8/2/2018,2768.023926,174200
8/3/2018,2740.443115,127000
8/6/2018,2705.156982,129800
8/7/2018,2779.374023,149600
8/8/2018,2744.070068,147700
8/9/2018,2794.38208,151700
8/10/2018,2795.310059,121500
8/13/2018,2785.87207,127500
8/14/2018,2780.965088,109600
8/15/2018,2723.258057,116200
8/16/2018,2705.191895,120300
8/17/2018,2668.966064,112400
8/20/2018,2698.466064,110800
8/21/2018,2733.825928,113600
8/22/2018,2714.60791,93700
8/23/2018,2724.624023,98400
8/24/2018,2729.430908,100500
8/27/2018,2780.898926,132800
8/28/2018,2777.980957,118700
8/29/2018,2769.294922,100200
8/30/2018,2737.737061,106100
8/31/2018,2725.25,109800
9/3/2018,2720.733887,102200
9/4/2018,2750.580078,109000
9/5/2018,2704.336914,105000
9/6/2018,2691.593018,99000
9/7/2018,2702.301025,107500
9/10/2018,2669.485107,103600
9/11/2018,2664.800049,99900
9/12/2018,2656.110107,90000
9/13/2018,2686.577881,107300
9/14/2018,2681.643066,100000
9/17/2018,2651.789063,88200
9/18/2018,2699.949951,115800
9/19/2018,2730.850098,141600
9/20/2018,2729.243896,111400
9/21/2018,2797.485107,158000
9/25/2018,2781.138916,112000
9/26/2018,2806.812988,139600
9/27/2018,2791.774902,124000
9/28/2018,2821.350098,134300
10/8/2018,2716.51001,149500
10/9/2018,2721.012939,116800
10/10/2018,2725.836914,113500
10/11/2018,2583.458008,197200
10/12/2018,2606.913086,170100
10/15/2018,2568.0979,118600
10/16/2018,2546.330078,119400
10/17/2018,2561.614014,130000
10/18/2018,2486.418945,125400
10/19/2018,2550.465088,147300
10/22/2018,2654.875977,211900
10/23/2018,2594.825928,178300
10/24/2018,2603.294922,160100
10/25/2018,2603.800049,162000
10/26/2018,2598.846924,158900
10/29/2018,2542.103027,134200
10/30/2018,2568.048096,166700
10/31/2018,2602.782959,180600
11/1/2018,2606.237061,200900
11/2/2018,2676.476074,225000
11/5/2018,2665.430908,193800
11/6/2018,2659.355957,163700
11/7/2018,2641.342041,173200
11/8/2018,2635.63208,159600
11/9/2018,2598.87207,152400
11/12/2018,2630.52002,175000
11/13/2018,2654.879883,249300
11/14/2018,2632.24292,238400
11/15/2018,2668.169922,207800
11/16/2018,2679.110107,242200
11/19/2018,2703.511963,231700
11/20/2018,2645.85498,215900
11/21/2018,2651.504883,182600
11/22/2018,2645.434082,149300
11/23/2018,2579.48291,191500
11/26/2018,2575.810059,134300
11/27/2018,2574.678955,123700
11/28/2018,2601.737061,146000
11/29/2018,2567.443115,157200
11/30/2018,2588.187988,139300
12/3/2018,2654.798096,207500
12/4/2018,2665.958008,167900
12/5/2018,2649.804932,154500
12/6/2018,2605.180908,141700
12/7/2018,2605.887939,109100
12/10/2018,2584.582031,113200
12/11/2018,2594.087891,101300
12/12/2018,2602.153076,103500
12/13/2018,2634.049072,150700
12/14/2018,2593.740967,145900
12/17/2018,2597.974121,117400
12/18/2018,2576.649902,117000
12/19/2018,2549.562988,107700
12/20/2018,2536.268066,120600
12/21/2018,2516.250977,115700
12/24/2018,2527.00708,97300
12/25/2018,2504.819092,136500
12/26/2018,2498.293945,108800
12/27/2018,2483.085938,135400
12/28/2018,2493.895996,119200
